MagCAPShock,IntRate,reliab_total,reliab_avg,reliab_min,d_end,π_end,Δμ_pc
-1.0,0.0,49.774189067793856,0.9759644915253697,0.5770257776008105,142.16017031615502,455.37500870161904,-1.0
-0.99,0.0,49.806823827363644,0.9766043887718362,0.5878013239232502,152.10401126570756,440.7876357298867,-0.99
-0.98,0.0,49.8394172220938,0.9772434749430157,0.5985768702456901,162.24237971319351,427.2364951656738,-0.98
-0.97,0.0,49.871969368280546,0.9778817523192264,0.6093524165681298,178.71108539265043,421.6450587664486,-0.97
-0.96,0.0,49.904480381522205,0.978519223167102,0.6201279628905696,164.61222658446607,430.6758142643208,-0.96
-0.95,0.0,49.93695037665682,0.979155889738369,0.6309035092130094,177.96633407235743,413.3834619121674,-0.95
-0.94,0.0,49.96937946768359,0.9797917542683057,0.6416790555354492,189.47598163610354,411.0936181378339,-0.94
-0.93,0.0,50.00176776766469,0.9804268189738174,0.6524546018578891,172.416406716451,413.6051319956254,-0.93
-0.92,0.0,50.0341153886024,0.9810610860510275,0.6632301481803288,208.18231394839938,406.6851278566695,-0.92
-0.91,0.0,50.06642244128591,0.9816945576722728,0.6740056945027683,188.3459867095307,410.31680137658924,-0.91
-0.9,0.0,50.098689035100634,0.9823272359823654,0.6847812408252083,214.20569337572766,403.8881326841305,-0.9
-0.89,0.0,50.130915277791246,0.982959123093946,0.6955567871476477,208.01933850873152,401.2207849275204,-0.89
-0.88,0.0,50.1631012751678,0.9835902210817216,0.7063323334700877,225.32641522197153,400.8679916088764,-0.88
-0.87,0.0,50.19524713074195,0.9842205319753323,0.7171078797925272,237.78662308785096,401.27550404599805,-0.87
-0.86,0.0,50.227352945277325,0.9848500577505358,0.7278834261149674,223.9586616997401,400.8773291389339,-0.86
-0.85,0.0,50.25941881623515,0.9854788003183362,0.7386589724374069,250.9639634367458,395.23593021197814,-0.85
-0.84,0.0,50.291444837091625,0.9861067615116005,0.7494345187598469,234.81879168675093,394.7380867010175,-0.84
-0.83,0.0,50.32343109649962,0.98673394306862,0.7602100650822865,242.8053056791475,393.6400408831725,-0.83
-0.82,0.0,50.355377677261096,0.9873603466129627,0.7709856114047264,260.00946313216093,392.83346434357253,-0.82
-0.81,0.0,50.387284655070715,0.9879859736288376,0.781761157727166,253.85461588093526,392.5405613049073,-0.81
-0.8,0.0,50.4191520969836,0.988610825431051,0.7925367040496057,263.38892999862867,393.0999600514103,-0.8
-0.79,0.0,50.45098005955202,0.9892349031284711,0.8033122503720457,280.2084405126057,394.95948929355933,-0.79
-0.78,0.0,50.482768586566586,0.989858207579737,0.8140877966944855,282.6733094620071,396.6395451696666,-0.78
-0.77,0.0,50.514517706327595,0.9904807393397568,0.8248633430169251,283.8882695209172,397.11573941817704,-0.77
-0.76,0.0,50.54622742836195,0.9911024985953324,0.835638889339365,287.5317193384364,397.3316651930216,-0.76
-0.75,0.0,50.577897739490766,0.9917234850880542,0.8464144356618047,289.0453635391329,397.51232331634634,-0.75
-0.74,0.0,50.60952859914383,0.9923436980224281,0.8571899819842447,291.278702776922,397.6650298586455,-0.74
-0.73,0.0,50.641119933810714,0.9929631359570729,0.867965528306684,294.35100009788965,397.7876282096011,-0.73
-0.72,0.0,50.67267163051701,0.9935817966768041,0.878741074629124,293.93115781207354,397.88182691054226,-0.72
-0.71,0.0,50.70418352922094,0.9941996770435478,0.8895166209515638,295.6276240899898,397.9517483736408,-0.71
-0.7,0.0,50.735655414046775,0.9948167728244466,0.9002921672740035,297.10202758477317,398.0022255821362,-0.7
-0.69,0.0,50.767087003312625,0.995433078496326,0.9110677135964433,305.27961198379137,398.03782903934274,-0.69
-0.68,0.0,50.7984779383839,0.9960485870271353,0.9218432599188828,325.6222204928857,398.062445679382,-0.68
-0.67,0.0,50.82982777150322,0.996663289637318,0.9326188062413228,325.9252206587269,398.07917792220223,-0.67
-0.66,0.0,50.861135952935456,0.9972771755477541,0.9433943525637623,326.22893065636,398.0904036811136,-0.66
-0.65,0.0,50.89240181804968,0.9978902317264643,0.9541698988862024,326.53348266317096,398.0979034583649,-0.65
-0.64,0.0,50.92363674316125,0.998502681238456,0.9649454452086419,326.8334347107654,398.10298825446176,-0.64
-0.63,0.0,50.95484102301332,0.9991145298630063,0.9757209915310822,327.11283748593826,398.10655859033716,-0.63
-0.62,0.0,50.985718404976225,0.999719968725024,0.9864965378535215,327.3923476277741,398.1088888118608,-0.62
-0.61,0.0,50.99727208417596,0.9999465114544306,0.9972720841759617,327.67438585299044,398.1098256973454,-0.61
-0.6,0.0,51.0,1.0,1.0,327.95750120340955,398.10998242265634,-0.6
-0.59,0.0,51.0,1.0,1.0,328.24179352986744,398.10999730473065,-0.59
-0.58,0.0,51.0,1.0,1.0,328.5269522520042,398.10999923810164,-0.58
-0.57,0.0,51.0,1.0,1.0,328.8127264239504,398.10999970360757,-0.57
-0.56,0.0,51.0,1.0,1.0,329.1001397694318,398.10999986954,-0.56
-0.55,0.0,51.0,1.0,1.0,329.3889411733113,398.10999993840403,-0.55
-0.54,0.0,51.0,1.0,1.0,329.6790525326271,398.1099999679549,-0.54
-0.53,0.0,51.0,1.0,1.0,329.97047777870534,398.10999998050244,-0.53
-0.52,0.0,51.0,1.0,1.0,330.2632419313005,398.10999998569775,-0.52
-0.51,0.0,51.0,1.0,1.0,330.5574285050956,398.10999998778664,-0.51
-0.5,0.0,51.0,1.0,1.0,330.8525008864526,398.1099999886025,-0.5
-0.49,0.0,51.0,1.0,1.0,331.14994522037006,398.10999998891305,-0.49
-0.48,0.0,51.0,1.0,1.0,331.44929263551103,398.109999989029,-0.48
-0.47,0.0,51.0,1.0,1.0,331.7497646628499,398.10999998907187,-0.47
-0.46,0.0,51.0,1.0,1.0,332.0537372521073,398.10999998908767,-0.46
-0.45,0.0,51.0,1.0,1.0,332.3606398303594,398.10999998909375,-0.45
-0.44,0.0,51.0,1.0,1.0,332.66983933385416,398.1099999890961,-0.44
-0.43,0.0,51.0,1.0,1.0,332.9851655924088,398.10999998909625,-0.43
-0.42,0.0,51.0,1.0,1.0,333.3089447458674,398.10999998909625,-0.42
-0.41,0.0,51.0,1.0,1.0,333.4856696432248,398.10999998909625,-0.41
-0.4,0.0,51.0,1.0,1.0,333.4856696432248,398.10999998909625,-0.4
-0.39,0.0,51.0,1.0,1.0,333.4856696432249,398.10999998909625,-0.39
-0.38,0.0,51.0,1.0,1.0,333.4856696432248,398.10999998909625,-0.38
-0.37,0.0,51.0,1.0,1.0,333.48566964322487,398.10999998909625,-0.37
-0.36,0.0,51.0,1.0,1.0,333.48566964322487,398.10999998909625,-0.36
-0.35,0.0,51.0,1.0,1.0,333.48566964322487,398.10999998909625,-0.35
-0.34,0.0,51.0,1.0,1.0,333.4856696432248,398.10999998909625,-0.34
-0.33,0.0,51.0,1.0,1.0,333.485669643225,398.10999998909625,-0.33
-0.32,0.0,51.0,1.0,1.0,333.4856696432248,398.10999998909625,-0.32
-0.31,0.0,51.0,1.0,1.0,333.485669643225,398.10999998909625,-0.31
-0.3,0.0,51.0,1.0,1.0,333.48566964322487,398.10999998909625,-0.3
-0.29,0.0,51.0,1.0,1.0,333.48566964322487,398.10999998909625,-0.29
-0.28,0.0,51.0,1.0,1.0,333.48566964322464,398.10999998909625,-0.28
-0.27,0.0,51.0,1.0,1.0,333.48566964322475,398.10999998909625,-0.27
-0.26,0.0,51.0,1.0,1.0,333.4856696432248,398.10999998909625,-0.26
-0.25,0.0,51.0,1.0,1.0,333.48566964322487,398.10999998909614,-0.25
-0.24,0.0,51.0,1.0,1.0,333.48566964322487,398.10999998909597,-0.24
-0.23,0.0,51.0,1.0,1.0,333.4856696432248,398.1099999890958,-0.23
-0.22,0.0,51.0,1.0,1.0,333.4856696432249,398.1099999890955,-0.22
-0.21,0.0,51.0,1.0,1.0,333.4856696432249,398.10999998909523,-0.21
-0.2,0.0,51.0,1.0,1.0,333.4856696432248,398.1099999890947,-0.2
-0.19,0.0,51.0,1.0,1.0,333.48566964322475,398.10999998909364,-0.19
-0.18,0.0,51.0,1.0,1.0,333.48566964322464,398.1099999890897,-0.18
-0.17,0.0,51.0,1.0,1.0,333.4856696432249,398.1099999890766,-0.17
-0.16,0.0,51.0,1.0,1.0,333.48566964322487,398.1099999890407,-0.16
-0.15,0.0,51.0,1.0,1.0,333.48566964322475,398.10999998899985,-0.15
-0.14,0.0,51.0,1.0,1.0,333.485669643225,398.1099999889738,-0.14
-0.13,0.0,51.0,1.0,1.0,333.4856696432248,398.10999998894044,-0.13
-0.12,0.0,51.0,1.0,1.0,333.485669643225,398.1099999888975,-0.12
-0.11,0.0,51.0,1.0,1.0,333.48566964322487,398.1099999888421,-0.11
-0.1,0.0,51.0,1.0,1.0,333.48566964322475,398.1099999887701,-0.1
-0.09,0.0,51.0,1.0,1.0,333.48566964322464,398.1099999886762,-0.09
-0.08,0.0,51.0,1.0,1.0,333.4856696432249,398.109999988553,-0.08
-0.07,0.0,51.0,1.0,1.0,333.48566964322464,398.10999998839,-0.07
-0.06,0.0,51.0,1.0,1.0,333.48566964322475,398.10999998817215,-0.06
-0.05,0.0,51.0,1.0,1.0,333.48566964322487,398.1099999881293,-0.05
-0.04,0.0,51.0,1.0,1.0,333.485669643225,398.1099999881293,-0.04
-0.03,0.0,51.0,1.0,1.0,333.48566964322487,398.1099999881293,-0.03
-0.02,0.0,51.0,1.0,1.0,333.48566964322487,398.1099999881293,-0.02
-0.01,0.0,51.0,1.0,1.0,333.4856696432248,398.1099999881293,-0.01
0.0,0.0,51.0,1.0,1.0,333.48566964322487,398.1099999881293,0.0
-1.0,0.01,49.774189067793856,0.9759644915253697,0.5770257776008105,142.16017031615502,458.2572936105482,-1.0
-0.99,0.01,49.806823827363644,0.9766043887718362,0.5878013239232502,152.10401126570756,445.74743320160536,-0.99
-0.98,0.01,49.8394172220938,0.9772434749430157,0.5985768702456901,162.2423797131935,435.65828927874963,-0.98
-0.97,0.01,49.871969368280546,0.9778817523192264,0.6093524165681298,178.71108539265043,433.79476360511046,-0.97
-0.96,0.01,49.904480381522205,0.978519223167102,0.6201279628905696,164.6122265844691,436.2855298769876,-0.96
-0.95,0.01,49.93695037665682,0.979155889738369,0.6309035092130094,177.96633407235743,431.3864376338102,-0.95
-0.94,0.01,49.96937946768359,0.9797917542683057,0.6416790555354492,189.47598163610354,429.6812426345135,-0.94
-0.93,0.01,50.00176776766469,0.9804268189738174,0.6524546018578891,172.416406716451,427.18771880930336,-0.93
-0.92,0.01,50.0341153886024,0.9810610860510275,0.6632301481803288,208.18231394839938,426.1304309641159,-0.92
-0.91,0.01,50.06642244128591,0.9816945576722728,0.6740056945027683,188.3459867095307,423.5497319728272,-0.91
-0.9,0.01,50.098689035100634,0.9823272359823654,0.6847812408252083,214.20569337573235,422.31399214944344,-0.9
-0.89,0.01,50.130915277791246,0.982959123093946,0.6955567871476477,208.01933850873152,420.3517623331329,-0.89
-0.88,0.01,50.1631012751678,0.9835902210817216,0.7063323334700877,225.32641522197153,418.9132133237017,-0.88
-0.87,0.01,50.19524713074195,0.9842205319753323,0.7171078797925272,237.78662308785096,418.81437814129197,-0.87
-0.86,0.01,50.227352945277325,0.9848500577505358,0.7278834261149674,223.9586616997401,418.14790999820997,-0.86
-0.85,0.01,50.25941881623515,0.9854788003183362,0.7386589724374069,250.9639634367458,413.92848168042246,-0.85
-0.84,0.01,50.291444837091625,0.9861067615116005,0.7494345187598469,234.81879168675093,413.011094547463,-0.84
-0.83,0.01,50.32343109649962,0.98673394306862,0.7602100650822865,242.8053056791475,411.0288724621,-0.83
-0.82,0.01,50.355377677261096,0.9873603466129627,0.7709856114047264,260.00946313216093,408.7736504529961,-0.82
-0.81,0.01,50.387284655070715,0.9879859736288376,0.781761157727166,253.85461588093526,406.51033570890297,-0.81
-0.8,0.01,50.4191520969836,0.988610825431051,0.7925367040496057,263.38892999862867,404.5260261623063,-0.8
-0.79,0.01,50.45098005955202,0.9892349031284711,0.8033122503720457,280.20844051260565,403.48526311772207,-0.79
-0.78,0.01,50.482768586566586,0.989858207579737,0.8140877966944855,282.6733094620071,404.0496985181715,-0.78
-0.77,0.01,50.514517706327595,0.9904807393397568,0.8248633430169251,283.8882695209172,403.3113851231488,-0.77
-0.76,0.01,50.54622742836195,0.9911024985953324,0.835638889339365,287.5317193384364,401.7624740108342,-0.76
-0.75,0.01,50.577897739490766,0.9917234850880542,0.8464144356618047,289.0453635391329,400.19056107091177,-0.75
-0.74,0.01,50.60952859914383,0.9923436980224281,0.8571899819842447,291.27870277692205,398.80138592164315,-0.74
-0.73,0.01,50.641119933810714,0.9929631359570729,0.867965528306684,294.35100009788965,397.71118408947547,-0.73
-0.72,0.01,50.67267163051701,0.9935817966768041,0.878741074629124,293.93115781207354,396.98959391194916,-0.72
-0.71,0.01,50.70418352922094,0.9941996770435478,0.8895166209515638,295.6276240899898,396.6382309455363,-0.71
-0.7,0.01,50.735655414046775,0.9948167728244466,0.9002921672740035,297.10202758477317,396.58841900988386,-0.7
-0.69,0.01,50.767087003312625,0.995433078496326,0.9110677135964433,305.27961198379137,396.7329585053873,-0.69
-0.68,0.01,50.7984779383839,0.9960485870271353,0.9218432599188828,325.6222204928857,396.96873412211596,-0.68
-0.67,0.01,50.82982777150322,0.996663289637318,0.9326188062413228,325.9252206587269,397.22230462199497,-0.67
-0.66,0.01,50.861135952935456,0.9972771755477541,0.9433943525637623,326.22893065636,397.4535995155048,-0.66
-0.65,0.01,50.89240181804968,0.9978902317264643,0.9541698988862024,326.53348266317096,397.6484058786439,-0.65
-0.64,0.01,50.92363674316125,0.998502681238456,0.9649454452086419,326.8334347107654,397.80879609856464,-0.64
-0.63,0.01,50.95484102301332,0.9991145298630063,0.9757209915310822,327.11283748593826,397.94396594552995,-0.63
-0.62,0.01,50.985718404976225,0.999719968725024,0.9864965378535215,327.3923476277741,398.0488772593818,-0.62
-0.61,0.01,50.99727208417596,0.9999465114544306,0.9972720841759617,327.67438585299044,398.0986425117627,-0.61
-0.6,0.01,51.0,1.0,1.0,327.95750120340955,398.1086166134434,-0.6
-0.59,0.01,51.0,1.0,1.0,328.24179352986744,398.1097396095716,-0.59
-0.58,0.01,51.0,1.0,1.0,328.5269522520042,398.10990335743423,-0.58
-0.57,0.01,51.0,1.0,1.0,328.8127264239504,398.10994603554155,-0.57
-0.56,0.01,51.0,1.0,1.0,329.1001397694318,398.10996237288526,-0.56
-0.55,0.01,51.0,1.0,1.0,329.3889411733113,398.10996965975266,-0.55
-0.54,0.01,51.0,1.0,1.0,329.6790525326271,398.10997302576095,-0.54
-0.53,0.01,51.0,1.0,1.0,329.97047777870534,398.1099745665243,-0.53
-0.52,0.01,51.0,1.0,1.0,330.2632419313005,398.10997525516717,-0.52
-0.51,0.01,51.0,1.0,1.0,330.5574285050956,398.10997555441185,-0.51
-0.5,0.01,51.0,1.0,1.0,330.8525008864527,398.1099756808423,-0.5
-0.49,0.01,51.0,1.0,1.0,331.14994522037006,398.10997573292445,-0.49
-0.48,0.01,51.0,1.0,1.0,331.44929263551103,398.10997575395817,-0.48
-0.47,0.01,51.0,1.0,1.0,331.7497646628499,398.1099757623561,-0.47
-0.46,0.01,51.0,1.0,1.0,332.0537372521073,398.1099757657087,-0.46
-0.45,0.01,51.0,1.0,1.0,332.3606398303594,398.1099757670656,-0.45
-0.44,0.01,51.0,1.0,1.0,332.66983933385416,398.10997576752703,-0.44
-0.43,0.01,51.0,1.0,1.0,332.9851655924088,398.10997576752675,-0.43
-0.42,0.01,51.0,1.0,1.0,333.3089447458674,398.1099757675265,-0.42
-0.41,0.01,51.0,1.0,1.0,333.4856696432248,398.10997576752646,-0.41
-0.4,0.01,51.0,1.0,1.0,333.4856696432248,398.10997576752646,-0.4
-0.39,0.01,51.0,1.0,1.0,333.4856696432249,398.10997576752646,-0.39
-0.38,0.01,51.0,1.0,1.0,333.4856696432248,398.10997576752646,-0.38
-0.37,0.01,51.0,1.0,1.0,333.48566964322487,398.10997576752646,-0.37
-0.36,0.01,51.0,1.0,1.0,333.48566964322487,398.10997576752646,-0.36
-0.35,0.01,51.0,1.0,1.0,333.48566964322487,398.10997576752646,-0.35
-0.34,0.01,51.0,1.0,1.0,333.4856696432248,398.10997576752646,-0.34
-0.33,0.01,51.0,1.0,1.0,333.485669643225,398.10997576752646,-0.33
-0.32,0.01,51.0,1.0,1.0,333.4856696432248,398.10997576752646,-0.32
-0.31,0.01,51.0,1.0,1.0,333.485669643225,398.10997576752646,-0.31
-0.3,0.01,51.0,1.0,1.0,333.48566964322487,398.10997576752646,-0.3
-0.29,0.01,51.0,1.0,1.0,333.48566964322487,398.10997576752646,-0.29
-0.28,0.01,51.0,1.0,1.0,333.48566964322464,398.10997576752646,-0.28
-0.27,0.01,51.0,1.0,1.0,333.48566964322475,398.10997576752646,-0.27
-0.26,0.01,51.0,1.0,1.0,333.4856696432248,398.10997576752646,-0.26
-0.25,0.01,51.0,1.0,1.0,333.48566964322487,398.1099757675264,-0.25
-0.24,0.01,51.0,1.0,1.0,333.48566964322487,398.1099757675261,-0.24
-0.23,0.01,51.0,1.0,1.0,333.4856696432248,398.10997576752584,-0.23
-0.22,0.01,51.0,1.0,1.0,333.4856696432249,398.1099757675208,-0.22
-0.21,0.01,51.0,1.0,1.0,333.4856696432249,398.1099757674608,-0.21
-0.2,0.01,51.0,1.0,1.0,333.4856696432248,398.10997576736224,-0.2
-0.19,0.01,51.0,1.0,1.0,333.48566964322475,398.10997576717716,-0.19
-0.18,0.01,51.0,1.0,1.0,333.48566964322464,398.1099757664915,-0.18
-0.17,0.01,51.0,1.0,1.0,333.4856696432249,398.1099757643493,-0.17
-0.16,0.01,51.0,1.0,1.0,333.48566964322487,398.10997575929207,-0.16
-0.15,0.01,51.0,1.0,1.0,333.48566964322475,398.1099757541847,-0.15
-0.14,0.01,51.0,1.0,1.0,333.485669643225,398.1099757511377,-0.14
-0.13,0.01,51.0,1.0,1.0,333.4856696432248,398.10997574741276,-0.13
-0.12,0.01,51.0,1.0,1.0,333.485669643225,398.1099757428545,-0.12
-0.11,0.01,51.0,1.0,1.0,333.48566964322487,398.10997573727104,-0.11
-0.1,0.01,51.0,1.0,1.0,333.48566964322475,398.10997573042437,-0.1
-0.09,0.01,51.0,1.0,1.0,333.48566964322464,398.10997572201796,-0.09
-0.08,0.01,51.0,1.0,1.0,333.4856696432249,398.1099757116818,-0.08
-0.07,0.01,51.0,1.0,1.0,333.48566964322464,398.1099756989528,-0.07
-0.06,0.01,51.0,1.0,1.0,333.48566964322475,398.1099756832497,-0.06
-0.05,0.01,51.0,1.0,1.0,333.48566964322487,398.1099756802836,-0.05
-0.04,0.01,51.0,1.0,1.0,333.485669643225,398.1099756802836,-0.04
-0.03,0.01,51.0,1.0,1.0,333.48566964322487,398.1099756802836,-0.03
-0.02,0.01,51.0,1.0,1.0,333.48566964322487,398.1099756802836,-0.02
-0.01,0.01,51.0,1.0,1.0,333.4856696432248,398.1099756802836,-0.01
0.0,0.01,51.0,1.0,1.0,333.48566964322487,398.1099756802836,0.0
-1.0,0.02,49.77178156296801,0.9759172855483923,0.5770257776008105,148.26559378852312,472.0673731512685,-1.0
-0.99,0.02,49.80509505366218,0.976570491248278,0.5878013239232502,128.647106201934,470.8358496552128,-0.99
-0.98,0.02,49.838400604690065,0.9772235412684327,0.5985768702456901,146.2303679371905,455.4477904246013,-0.98
-0.97,0.02,49.87169780819966,0.9778764276117581,0.6093524165681298,152.84826965635224,455.0827936974778,-0.97
-0.96,0.02,49.904480381522205,0.978519223167102,0.6201279628905696,164.61222658446607,453.5595850902053,-0.96
-0.95,0.02,49.93695037665682,0.979155889738369,0.6309035092130094,177.96633407235743,453.2799206383824,-0.95
-0.94,0.02,49.96937946768359,0.9797917542683057,0.6416790555354492,189.47598163610354,451.37917224834996,-0.94
-0.93,0.02,50.00176776766469,0.9804268189738174,0.6524546018578891,172.416406716451,449.3983494658415,-0.93
-0.92,0.02,50.0341153886024,0.9810610860510275,0.6632301481803288,208.18231394839935,447.53060348999963,-0.92
-0.91,0.02,50.06642244128591,0.9816945576722728,0.6740056945027683,188.3459867095307,445.5227533668016,-0.91
-0.9,0.02,50.098689035100634,0.9823272359823654,0.6847812408252083,214.20569337572766,443.5762958187068,-0.9
-0.89,0.02,50.130915277791246,0.982959123093946,0.6955567871476477,208.01933850873152,441.6308850170316,-0.89
-0.88,0.02,50.1631012751678,0.9835902210817216,0.7063323334700877,225.32641522197153,440.0336517912382,-0.88
-0.87,0.02,50.19524713074195,0.9842205319753323,0.7171078797925272,237.78662308785096,439.42007738978106,-0.87
-0.86,0.02,50.227352945277325,0.9848500577505358,0.7278834261149674,223.9586616997401,438.56141359993643,-0.86
-0.85,0.02,50.25941881623515,0.9854788003183362,0.7386589724374069,250.9639634367458,435.7916434685359,-0.85
-0.84,0.02,50.291444837091625,0.9861067615116005,0.7494345187598469,234.81879168675093,434.5450359123775,-0.84
-0.83,0.02,50.32343109649962,0.98673394306862,0.7602100650822865,242.8053056791475,432.6984461500189,-0.83
-0.82,0.02,50.355377677261096,0.9873603466129627,0.7709856114047264,260.00946313216093,430.7055253079613,-0.82
-0.81,0.02,50.387284655070715,0.9879859736288376,0.781761157727166,253.8546158809372,428.68031136778643,-0.81
-0.8,0.02,50.4191520969836,0.988610825431051,0.7925367040496057,263.38892999862867,426.81280026307655,-0.8
-0.79,0.02,50.45098005955202,0.9892349031284711,0.8033122503720457,280.20844051260565,425.5763150978309,-0.79
-0.78,0.02,50.482768586566586,0.989858207579737,0.8140877966944855,282.6733094620071,424.79734870785757,-0.78
-0.77,0.02,50.514517706327595,0.9904807393397568,0.8248633430169251,283.8882695209172,423.3925517528171,-0.77
-0.76,0.02,50.54622742836195,0.9911024985953324,0.835638889339365,287.5317193384348,421.6747616774312,-0.76
-0.75,0.02,50.577897739490766,0.9917234850880542,0.8464144356618047,289.0453635391329,419.8941980059039,-0.75
-0.74,0.02,50.60952859914383,0.9923436980224281,0.8571899819842447,291.27870277692205,418.08857544560857,-0.74
-0.73,0.02,50.641119933810714,0.9929631359570729,0.867965528306684,294.35100009788965,416.261368224062,-0.73
-0.72,0.02,50.67267163051701,0.9935817966768041,0.878741074629124,293.9311578120736,414.4095608158869,-0.72
-0.71,0.02,50.70418352922094,0.9941996770435478,0.8895166209515638,295.6276240899898,412.52809241906675,-0.71
-0.7,0.02,50.735655414046775,0.9948167728244466,0.9002921672740035,297.10202758477317,410.6113623276132,-0.7
-0.69,0.02,50.767087003312625,0.995433078496326,0.9110677135964433,305.27961198379137,408.65482868324915,-0.69
-0.68,0.02,50.7984779383839,0.9960485870271353,0.9218432599188828,325.6222204928857,406.6577770034968,-0.68
-0.67,0.02,50.82982777150322,0.996663289637318,0.9326188062413228,325.9252206587269,404.62792509370973,-0.67
-0.66,0.02,50.861135952935456,0.9972771755477541,0.9433943525637623,326.22893065636,402.58735299832387,-0.66
-0.65,0.02,50.89240181804968,0.9978902317264643,0.9541698988862024,326.53348266317096,400.5772414404258,-0.65
-0.64,0.02,50.92363674316125,0.998502681238456,0.9649454452086419,326.8334347107654,398.66112784658134,-0.64
-0.63,0.02,50.95484102301332,0.9991145298630063,0.9757209915310822,327.11283748593826,397.03348828727553,-0.63
-0.62,0.02,50.985718404976225,0.999719968725024,0.9864965378535215,327.3923476277741,396.47957142551803,-0.62
-0.61,0.02,50.99727208417596,0.9999465114544306,0.9972720841759617,327.67438585299044,397.35326636047137,-0.61
-0.6,0.02,51.0,1.0,1.0,327.95750120340955,397.9355755551939,-0.6
-0.59,0.02,51.0,1.0,1.0,328.24179352986744,398.0559648834758,-0.59
-0.58,0.02,51.0,1.0,1.0,328.5269522520042,398.0800970853405,-0.58
-0.57,0.02,51.0,1.0,1.0,328.8127264239504,398.087666967775,-0.57
-0.56,0.02,51.0,1.0,1.0,329.1001397694318,398.0910110535863,-0.56
-0.55,0.02,51.0,1.0,1.0,329.3889411733113,398.09271404774734,-0.55
-0.54,0.02,51.0,1.0,1.0,329.67905253262705,398.0936104106627,-0.54
-0.53,0.02,51.0,1.0,1.0,329.97047777870534,398.0940781842286,-0.53
-0.52,0.02,51.0,1.0,1.0,330.2632419313005,398.09431688369517,-0.52
-0.51,0.02,51.0,1.0,1.0,330.5574285050956,398.09443551043927,-0.51
-0.5,0.02,51.0,1.0,1.0,330.8525008864526,398.09449291953143,-0.5
-0.49,0.02,51.0,1.0,1.0,331.14994522037006,398.0945200351749,-0.49
-0.48,0.02,51.0,1.0,1.0,331.44929263551103,398.09453259046177,-0.48
-0.47,0.02,51.0,1.0,1.0,331.7497646628499,398.09453832836476,-0.47
-0.46,0.02,51.0,1.0,1.0,332.0537372521073,398.0945409404555,-0.46
-0.45,0.02,51.0,1.0,1.0,332.3606398303594,398.0945421381758,-0.45
-0.44,0.02,51.0,1.0,1.0,332.66983933385416,398.09454264629704,-0.44
-0.43,0.02,51.0,1.0,1.0,332.9851655924089,398.0945426458156,-0.43
-0.42,0.02,51.0,1.0,1.0,333.3089447458674,398.0945426453877,-0.42
-0.41,0.02,51.0,1.0,1.0,333.4856696432248,398.0945426452703,-0.41
-0.4,0.02,51.0,1.0,1.0,333.4856696432248,398.0945426452703,-0.4
-0.39,0.02,51.0,1.0,1.0,333.4856696432249,398.0945426452703,-0.39
-0.38,0.02,51.0,1.0,1.0,333.4856696432248,398.0945426452703,-0.38
-0.37,0.02,51.0,1.0,1.0,333.48566964322487,398.0945426452703,-0.37
-0.36,0.02,51.0,1.0,1.0,333.48566964322487,398.0945426452703,-0.36
-0.35,0.02,51.0,1.0,1.0,333.48566964322487,398.0945426452703,-0.35
-0.34,0.02,51.0,1.0,1.0,333.4856696432248,398.0945426452703,-0.34
-0.33,0.02,51.0,1.0,1.0,333.485669643225,398.0945426452703,-0.33
-0.32,0.02,51.0,1.0,1.0,333.4856696432248,398.0945426452703,-0.32
-0.31,0.02,51.0,1.0,1.0,333.485669643225,398.0945426452703,-0.31
-0.3,0.02,51.0,1.0,1.0,333.48566964322487,398.0945426452703,-0.3
-0.29,0.02,51.0,1.0,1.0,333.48566964322487,398.09454264526937,-0.29
-0.28,0.02,51.0,1.0,1.0,333.48566964322464,398.09454264526687,-0.28
-0.27,0.02,51.0,1.0,1.0,333.48566964322475,398.0945426452663,-0.27
-0.26,0.02,51.0,1.0,1.0,333.4856696432248,398.09454264522736,-0.26
-0.25,0.02,51.0,1.0,1.0,333.48566964322487,398.0945426450393,-0.25
-0.24,0.02,51.0,1.0,1.0,333.48566964322487,398.0945426445803,-0.24
-0.23,0.02,51.0,1.0,1.0,333.4856696432248,398.0945426439579,-0.23
-0.22,0.02,51.0,1.0,1.0,333.4856696432249,398.0945425950427,-0.22
-0.21,0.02,51.0,1.0,1.0,333.4856696432249,398.09454252230177,-0.21
-0.2,0.02,51.0,1.0,1.0,333.4856696432248,398.09454241031364,-0.2
-0.19,0.02,51.0,1.0,1.0,333.48566964322475,398.09454221098275,-0.19
-0.18,0.02,51.0,1.0,1.0,333.48566964322464,398.0945415565634,-0.18
-0.17,0.02,51.0,1.0,1.0,333.4856696432249,398.09453973115063,-0.17
-0.16,0.02,51.0,1.0,1.0,333.48566964322487,398.0945359320257,-0.16
-0.15,0.02,51.0,1.0,1.0,333.48566964322475,398.09453243440277,-0.15
-0.14,0.02,51.0,1.0,1.0,333.485669643225,398.09453044525486,-0.14
-0.13,0.02,51.0,1.0,1.0,333.4856696432248,398.0945280860025,-0.13
-0.12,0.02,51.0,1.0,1.0,333.485669643225,398.09452528600315,-0.12
-0.11,0.02,51.0,1.0,1.0,333.48566964322487,398.0945219605488,-0.11
-0.1,0.02,51.0,1.0,1.0,333.48566964322475,398.09451800788315,-0.1
-0.09,0.02,51.0,1.0,1.0,333.48566964322464,398.0945133055301,-0.09
-0.08,0.02,51.0,1.0,1.0,333.4856696432249,398.09450770575177,-0.08
-0.07,0.02,51.0,1.0,1.0,333.48566964322464,398.094501029909,-0.07
-0.06,0.02,51.0,1.0,1.0,333.48566964322475,398.0944930614235,-0.06
-0.05,0.02,51.0,1.0,1.0,333.48566964322487,398.09449158458176,-0.05
-0.04,0.02,51.0,1.0,1.0,333.485669643225,398.09449158458176,-0.04
-0.03,0.02,51.0,1.0,1.0,333.48566964322487,398.09449158458176,-0.03
-0.02,0.02,51.0,1.0,1.0,333.48566964322487,398.09449158458176,-0.02
-0.01,0.02,51.0,1.0,1.0,333.4856696432248,398.09449158458176,-0.01
0.0,0.02,51.0,1.0,1.0,333.48566964322487,398.09449158458176,0.0
-1.0,0.03,49.723021949374015,0.9749612146936082,0.5770257776008105,127.68399976873309,483.3235051081707,-1.0
-0.99,0.03,49.76559143556682,0.9757959105013102,0.5878013239232502,164.24156890539132,478.14148172158724,-0.99
-0.98,0.03,49.808102409712916,0.9766294590139788,0.5985768702456901,143.5926500973464,480.06175017257823,-0.98
-0.97,0.03,49.8505558855449,0.9774618801087235,0.6093524165681298,145.88114829099896,478.27540539599386,-0.97
-0.96,0.03,49.892952387367444,0.9782931840660283,0.6201279628905696,185.01135013704,477.6820413282052,-0.96
-0.95,0.03,49.92771478477592,0.9789747997014887,0.6309035092130094,160.17906043017294,476.3266302714813,-0.95
-0.94,0.03,49.96042668323787,0.9796162094752523,0.6416790555354492,172.85635230404804,474.7839451322531,-0.94
-0.93,0.03,49.99310801565525,0.9802570199148088,0.6524546018578891,157.08045186365382,471.8019341550843,-0.93
-0.92,0.03,50.0257584370207,0.9808972242553078,0.6632301481803288,198.93908086745975,471.7094231375308,-0.92
-0.91,0.03,50.05837732420182,0.9815368102784671,0.6740056945027683,181.75578255924418,469.05594109238405,-0.91
-0.9,0.03,50.090962893089895,0.9821757430017627,0.6847812408252083,211.4124405445567,468.3474481701278,-0.9
-0.89,0.03,50.12350767303943,0.9828138759419496,0.6955567871476477,209.83609238398864,466.43122093869874,-0.89
-0.88,0.03,50.15597722229588,0.9834505337705075,0.7063323334700877,225.2942427852442,463.93471343044683,-0.88
-0.87,0.03,50.18824196637306,0.9840831758112365,0.7171078797925272,235.60913843653498,458.890523088072,-0.87
-0.86,0.03,50.22015472615081,0.9847089161990354,0.7278834261149674,219.19254095380194,450.1207978840866,-0.86
-0.85,0.03,50.25219161499168,0.9853370904900329,0.7386589724374069,228.76833732145923,446.39942465690217,-0.85
-0.84,0.03,50.28454679433807,0.9859715057713347,0.7494345187598469,234.4477802788743,444.64314466925583,-0.84
-0.83,0.03,50.31688254485659,0.9866055400952273,0.7602100650822865,240.3636128344113,444.3709635338641,-0.83
-0.82,0.03,50.349233676593755,0.9872398760116422,0.7709856114047264,262.86878196883225,444.48234995969875,-0.82
-0.81,0.03,50.38162298757773,0.9878749605407398,0.781761157727166,252.8427362099066,444.82373251182236,-0.81
-0.8,0.03,50.41400053253988,0.988509814363527,0.7925367040496057,266.3352913652908,445.5347273750639,-0.8
-0.79,0.03,50.44637157824516,0.9891445407499052,0.8033122503720457,278.5872631900764,447.0632622049001,-0.79
-0.78,0.03,50.478742274073376,0.9897792602759485,0.8140877966944855,276.9707025374426,448.8742510863694,-0.78
-0.77,0.03,50.51111872791928,0.9904140927042997,0.8248633430169251,280.19853146287574,449.5116913464329,-0.77
-0.76,0.03,50.543506416782165,0.9910491454271013,0.835638889339365,287.1675589299316,449.656232762383,-0.76
-0.75,0.03,50.57590964681992,0.991684502878822,0.8464144356618047,289.9244445400347,449.71175331498983,-0.75
-0.74,0.03,50.60853814425285,0.9923242773382911,0.8571899819842447,289.1480942803095,449.7030188953052,-0.74
-0.73,0.03,50.641119933810714,0.9929631359570729,0.867965528306684,294.35100009788965,449.6949406704029,-0.73
-0.72,0.03,50.67267163051701,0.9935817966768041,0.878741074629124,293.9311578120736,447.81527039559705,-0.72
-0.71,0.03,50.70418352922094,0.9941996770435478,0.8895166209515638,295.6276240899898,445.9259809644058,-0.71
-0.7,0.03,50.735655414046775,0.9948167728244466,0.9002921672740035,297.10202758477317,444.0327967544265,-0.7
-0.69,0.03,50.767087003312625,0.995433078496326,0.9110677135964433,305.27961198379137,442.1349047531817,-0.69
-0.68,0.03,50.7984779383839,0.9960485870271353,0.9218432599188828,325.6222204928857,440.22641605938173,-0.68
-0.67,0.03,50.82982777150322,0.996663289637318,0.9326188062413228,325.9252206587269,438.305348664297,-0.67
-0.66,0.03,50.861135952935456,0.9972771755477541,0.9433943525637623,326.22893065636,436.361116604905,-0.66
-0.65,0.03,50.89240181804968,0.9978902317264643,0.9541698988862024,326.53348266317096,434.3597045336549,-0.65
-0.64,0.03,50.92363674316125,0.998502681238456,0.9649454452086419,326.8334347107654,432.1927863648237,-0.64
-0.63,0.03,50.95484102301332,0.9991145298630063,0.9757209915310822,327.11283748593826,429.5480974624198,-0.63
-0.62,0.03,50.985718404976225,0.999719968725024,0.9864965378535215,327.3923476277741,425.6535592658764,-0.62
-0.61,0.03,50.99727208417596,0.9999465114544306,0.9972720841759617,327.67438585299044,419.48860815843705,-0.61
-0.6,0.03,51.0,1.0,1.0,327.95750120340955,412.08523719923863,-0.6
-0.59,0.03,51.0,1.0,1.0,328.24179352986744,406.3324349148873,-0.59
-0.58,0.03,51.0,1.0,1.0,328.5269522520042,402.6377849617037,-0.58
-0.57,0.03,51.0,1.0,1.0,328.8127264239504,399.956465157641,-0.57
-0.56,0.03,51.0,1.0,1.0,329.1001397694318,397.64783638492344,-0.56
-0.55,0.03,51.0,1.0,1.0,329.3889411733113,395.51560971139895,-0.55
-0.54,0.03,51.0,1.0,1.0,329.67905253262705,393.5922717600583,-0.54
-0.53,0.03,51.0,1.0,1.0,329.97047777870534,392.02044002893973,-0.53
-0.52,0.03,51.0,1.0,1.0,330.2632419313005,390.95083570707015,-0.52
-0.51,0.03,51.0,1.0,1.0,330.5574285050956,390.4152613050424,-0.51
-0.5,0.03,51.0,1.0,1.0,330.8525008864526,390.3188907033885,-0.5
-0.49,0.03,51.0,1.0,1.0,331.14994522037006,390.4712274666621,-0.49
-0.48,0.03,51.0,1.0,1.0,331.44929263551103,390.7024422037726,-0.48
-0.47,0.03,51.0,1.0,1.0,331.7497646628499,390.91809643497186,-0.47
-0.46,0.03,51.0,1.0,1.0,332.0537372521073,391.0851434899969,-0.46
-0.45,0.03,51.0,1.0,1.0,332.3606398303594,391.2026470031343,-0.45
-0.44,0.03,51.0,1.0,1.0,332.66983933385416,391.28091337566883,-0.44
-0.43,0.03,51.0,1.0,1.0,332.9851655924089,391.33137057558474,-0.43
-0.42,0.03,51.0,1.0,1.0,333.3089447458674,391.36255274551115,-0.42
-0.41,0.03,51.0,1.0,1.0,333.4856696432248,391.36656452481543,-0.41
-0.4,0.03,51.0,1.0,1.0,333.4856696432248,391.3627205709111,-0.4
-0.39,0.03,51.0,1.0,1.0,333.4856696432249,391.3587486548556,-0.39
-0.38,0.03,51.0,1.0,1.0,333.4856696432248,391.35448358855444,-0.38
-0.37,0.03,51.0,1.0,1.0,333.48566964322487,391.34993712725674,-0.37
-0.36,0.03,51.0,1.0,1.0,333.48566964322487,391.3452112299149,-0.36
-0.35,0.03,51.0,1.0,1.0,333.48566964322487,391.3402982244469,-0.35
-0.34,0.03,51.0,1.0,1.0,333.4856696432248,391.3351899446202,-0.34
-0.33,0.03,51.0,1.0,1.0,333.485669643225,391.3298778374574,-0.33
-0.32,0.03,51.0,1.0,1.0,333.4856696432248,391.32434187212607,-0.32
-0.31,0.03,51.0,1.0,1.0,333.485669643225,391.3185630918204,-0.31
-0.3,0.03,51.0,1.0,1.0,333.48566964322487,391.31253084784424,-0.3
-0.29,0.03,51.0,1.0,1.0,333.48566964322487,391.30621590892525,-0.29
-0.28,0.03,51.0,1.0,1.0,333.48566964322464,391.2995629896137,-0.28
-0.27,0.03,51.0,1.0,1.0,333.48566964322475,391.29203528666426,-0.27
-0.26,0.03,51.0,1.0,1.0,333.4856696432248,391.28335646677675,-0.26
-0.25,0.03,51.0,1.0,1.0,333.48566964322487,391.27264730659607,-0.25
-0.24,0.03,51.0,1.0,1.0,333.48566964322487,391.25815065078,-0.24
-0.23,0.03,51.0,1.0,1.0,333.4856696432248,391.2337774939986,-0.23
-0.22,0.03,51.0,1.0,1.0,333.4856696432249,391.184741223339,-0.22
-0.21,0.03,51.0,1.0,1.0,333.4856696432249,391.09532290913535,-0.21
-0.2,0.03,51.0,1.0,1.0,333.4856696432248,390.92019368730445,-0.2
-0.19,0.03,51.0,1.0,1.0,333.48566964322475,390.53076577330535,-0.19
-0.18,0.03,51.0,1.0,1.0,333.48566964322464,389.2453270730988,-0.18
-0.17,0.03,51.0,1.0,1.0,333.4856696432249,389.0618310458085,-0.17
-0.16,0.03,51.0,1.0,1.0,333.48566964322487,390.32558525326266,-0.16
-0.15,0.03,51.0,1.0,1.0,333.48566964322475,390.96465145091355,-0.15
-0.14,0.03,51.0,1.0,1.0,333.485669643225,391.23937528693733,-0.14
-0.13,0.03,51.0,1.0,1.0,333.4856696432248,391.5138370042128,-0.13
-0.12,0.03,51.0,1.0,1.0,333.485669643225,391.78812664587116,-0.12
-0.11,0.03,51.0,1.0,1.0,333.48566964322487,392.062300422766,-0.11
-0.1,0.03,51.0,1.0,1.0,333.48566964322475,392.3363948056753,-0.1
-0.09,0.03,51.0,1.0,1.0,333.48566964322464,392.6104342450599,-0.09
-0.08,0.03,51.0,1.0,1.0,333.4856696432249,392.8844356000586,-0.08
-0.07,0.03,51.0,1.0,1.0,333.48566964322464,393.15841078223235,-0.07
-0.06,0.03,51.0,1.0,1.0,333.48566964322475,393.43236838917903,-0.06
-0.05,0.03,51.0,1.0,1.0,333.48566964322487,393.4781910867417,-0.05
-0.04,0.03,51.0,1.0,1.0,333.485669643225,393.4781910867417,-0.04
-0.03,0.03,51.0,1.0,1.0,333.48566964322487,393.47819108674173,-0.03
-0.02,0.03,51.0,1.0,1.0,333.48566964322487,393.4781910867417,-0.02
-0.01,0.03,51.0,1.0,1.0,333.4856696432248,393.4781910867417,-0.01
0.0,0.03,51.0,1.0,1.0,333.48566964322487,393.4781910867417,0.0
-1.0,0.04,49.66078445016782,0.973740871571918,0.5770257776008105,126.41391843412624,500.4333692196714,-1.0
-0.99,0.04,49.703475825518055,0.9745779573630992,0.5878013239232502,165.02333897257606,504.0937091993774,-0.99
-0.98,0.04,49.74611335048971,0.9754139872645041,0.5985768702456901,145.6417027211442,504.2882026304774,-0.98
-0.97,0.04,49.788697881033215,0.9762489780594749,0.6093524165681298,151.19036833057865,502.9793421764096,-0.97
-0.96,0.04,49.831229935872365,0.977082939919066,0.6201279628905696,159.1762109386956,501.5011711153291,-0.96
-0.95,0.04,49.87370974252659,0.977915877304443,0.6309035092130094,152.04604634865447,499.9327223860116,-0.95
-0.94,0.04,49.9161372676495,0.978747789561755,0.6416790555354492,172.59193166721948,498.3324268847027,-0.94
-0.93,0.04,49.958512225853156,0.97957867109516,0.6524546018578891,170.92921707111265,496.4815634626431,-0.93
-0.92,0.04,50.00083402286036,0.9804085102521639,0.6632301481803288,186.0346148274327,495.0423656989097,-0.92
-0.91,0.04,50.04310139962995,0.9812372823456852,0.6740056945027683,210.01285763729504,493.3485405649949,-0.91
-0.9,0.04,50.08531059759472,0.9820649136783278,0.6847812408252083,203.96271139262177,491.6028522942891,-0.9
-0.89,0.04,50.12177146430303,0.9827798326333927,0.6955567871476477,222.21416012341217,489.6880109995644,-0.89
-0.88,0.04,50.15422971830459,0.9834162689863646,0.7063323334700877,221.02439888995494,487.0688475730723,-0.88
-0.87,0.04,50.18652597172512,0.9840495288573553,0.7171078797925272,217.58652107256717,481.7337866429552,-0.87
-0.86,0.04,50.21856619967923,0.9846777686211614,0.7278834261149674,221.39171897325267,468.4149222169821,-0.86
-0.85,0.04,50.25071874111456,0.9853082106100894,0.7386589724374069,225.21743694902491,461.8585251548985,-0.85
-0.84,0.04,50.28305379015825,0.9859422311795735,0.7494345187598469,233.10839684775468,459.1352391238334,-0.84
-0.83,0.04,50.31535633483463,0.9865756144085222,0.7602100650822865,241.76148394371418,457.73810156577485,-0.83
-0.82,0.04,50.347649648828124,0.9872088166436888,0.7709856114047264,246.52908305640423,456.6959624855544,-0.82
-0.81,0.04,50.37995161004788,0.9878421884323114,0.781761157727166,254.16819805528303,455.69871691479693,-0.81
-0.8,0.04,50.412219786356516,0.9884748977716964,0.7925367040496057,269.0453454897719,454.4244688138777,-0.8
-0.79,0.04,50.4444546880612,0.9891069546678667,0.8033122503720457,279.55624033265104,452.3141965065052,-0.79
-0.78,0.04,50.4766578802118,0.9897383898080746,0.8140877966944855,281.364699328314,451.426229495219,-0.78
-0.77,0.04,50.50883178652355,0.990369250716148,0.8248633430169251,282.4636756204592,453.3650453285533,-0.77
-0.76,0.04,50.54097976254812,0.990999603187218,0.835638889339365,283.30136146590087,453.8912915648154,-0.76
-0.75,0.04,50.573106173235715,0.9916295328085434,0.8464144356618047,287.9986097595541,454.0409219656456,-0.75
-0.74,0.04,50.60521639258842,0.9922591449527141,0.8571899819842447,290.7982384244929,454.1849431939324,-0.74
-0.73,0.04,50.6373166758067,0.9928885622707196,0.867965528306684,294.4329383004169,454.3539714755381,-0.73
-0.72,0.04,50.66941386875723,0.9935179189952399,0.878741074629124,292.13521365082335,454.51987297050516,-0.72
-0.71,0.04,50.70151494424901,0.9941473518480198,0.8895166209515638,296.86580047069344,454.66710462435327,-0.71
-0.7,0.04,50.73362639800379,0.9947769881961528,0.9002921672740035,296.655305214402,454.78909236850444,-0.7
-0.69,0.04,50.76575360832832,0.9954069334966337,0.9110677135964433,303.0632291813102,454.8846762374609,-0.69
-0.68,0.04,50.79790040045666,0.9960372627540522,0.9218432599188828,325.6785221159794,454.9549026851014,-0.68
-0.67,0.04,50.82982777150322,0.996663289637318,0.9326188062413228,325.9252206587269,454.14597045753953,-0.67
-0.66,0.04,50.861135952935456,0.9972771755477541,0.9433943525637623,326.22893065636,452.08045954570935,-0.66
-0.65,0.04,50.89240181804968,0.9978902317264643,0.9541698988862024,326.53348266317096,449.9521777287096,-0.65
-0.64,0.04,50.92363674316125,0.998502681238456,0.9649454452086419,326.8334347107654,447.63539334582015,-0.64
-0.63,0.04,50.95484102301332,0.9991145298630063,0.9757209915310822,327.11283748593826,444.76604570069196,-0.63
-0.62,0.04,50.985718404976225,0.999719968725024,0.9864965378535215,327.3923476277741,440.4646761521266,-0.62
-0.61,0.04,50.99727208417596,0.9999465114544306,0.9972720841759617,327.67438585299044,433.633530561294,-0.61
-0.6,0.04,51.0,1.0,1.0,327.95750120340955,425.405073263801,-0.6
-0.59,0.04,51.0,1.0,1.0,328.24179352986744,419.22647481862106,-0.59
-0.58,0.04,51.0,1.0,1.0,328.5269522520042,415.36244988149946,-0.58
-0.57,0.04,51.0,1.0,1.0,328.8127264239504,412.60460167062917,-0.57
-0.56,0.04,51.0,1.0,1.0,329.1001397694318,410.2140908499567,-0.56
-0.55,0.04,51.0,1.0,1.0,329.3889411733113,407.90740299687997,-0.55
-0.54,0.04,51.0,1.0,1.0,329.67905253262705,405.5949840203527,-0.54
-0.53,0.04,51.0,1.0,1.0,329.97047777870534,403.2694382444922,-0.53
-0.52,0.04,51.0,1.0,1.0,330.2632419313005,400.9832703335113,-0.52
-0.51,0.04,51.0,1.0,1.0,330.5574285050956,398.8586939690393,-0.51
-0.5,0.04,51.0,1.0,1.0,330.8525008864526,397.08259614949355,-0.5
-0.49,0.04,51.0,1.0,1.0,331.14994522037006,395.8381408773386,-0.49
-0.48,0.04,51.0,1.0,1.0,331.44929263551103,395.17562392811277,-0.48
-0.47,0.04,51.0,1.0,1.0,331.7497646628499,394.99307243559105,-0.47
-0.46,0.04,51.0,1.0,1.0,332.0537372521073,395.0883474266753,-0.46
-0.45,0.04,51.0,1.0,1.0,332.3606398303594,395.28112646135224,-0.45
-0.44,0.04,51.0,1.0,1.0,332.66983933385416,395.4697100695209,-0.44
-0.43,0.04,51.0,1.0,1.0,332.9851655924089,395.6191975478096,-0.43
-0.42,0.04,51.0,1.0,1.0,333.3089447458674,395.7263473548892,-0.42
-0.41,0.04,51.0,1.0,1.0,333.4856696432248,395.74108289928694,-0.41
-0.4,0.04,51.0,1.0,1.0,333.4856696432248,395.72708109689006,-0.4
-0.39,0.04,51.0,1.0,1.0,333.4856696432249,395.7127981871993,-0.39
-0.38,0.04,51.0,1.0,1.0,333.4856696432248,395.698236249185,-0.38
-0.37,0.04,51.0,1.0,1.0,333.48566964322487,395.68339796626316,-0.37
-0.36,0.04,51.0,1.0,1.0,333.48566964322487,395.6682866700445,-0.36
-0.35,0.04,51.0,1.0,1.0,333.48566964322487,395.6528911996342,-0.35
-0.34,0.04,51.0,1.0,1.0,333.4856696432248,395.6350811184099,-0.34
-0.33,0.04,51.0,1.0,1.0,333.485669643225,395.6167436042368,-0.33
-0.32,0.04,51.0,1.0,1.0,333.4856696432248,395.59786272972576,-0.32
-0.31,0.04,51.0,1.0,1.0,333.485669643225,395.57840923445724,-0.31
-0.3,0.04,51.0,1.0,1.0,333.48566964322487,395.5582934807285,-0.3
-0.29,0.04,51.0,1.0,1.0,333.48566964322487,395.53746044329176,-0.29
-0.28,0.04,51.0,1.0,1.0,333.48566964322464,395.5156025249367,-0.28
-0.27,0.04,51.0,1.0,1.0,333.48566964322475,395.4900122565986,-0.27
-0.26,0.04,51.0,1.0,1.0,333.4856696432248,395.4599026404025,-0.26
-0.25,0.04,51.0,1.0,1.0,333.48566964322487,395.4218522236106,-0.25
-0.24,0.04,51.0,1.0,1.0,333.48566964322487,395.3694369426585,-0.24
-0.23,0.04,51.0,1.0,1.0,333.4856696432248,395.2770687331588,-0.23
-0.22,0.04,51.0,1.0,1.0,333.4856696432249,395.0859948925386,-0.22
-0.21,0.04,51.0,1.0,1.0,333.4856696432249,394.7505986632028,-0.21
-0.2,0.04,51.0,1.0,1.0,333.4856696432248,394.11456094334613,-0.2
-0.19,0.04,51.0,1.0,1.0,333.48566964322475,392.6318373549468,-0.19
-0.18,0.04,51.0,1.0,1.0,333.48566964322464,387.91434085851824,-0.18
-0.17,0.04,51.0,1.0,1.0,333.4856696432249,389.1340681409368,-0.17
-0.16,0.04,51.0,1.0,1.0,333.48566964322487,390.3251748185032,-0.16
-0.15,0.04,51.0,1.0,1.0,333.48566964322475,390.95962894001855,-0.15
-0.14,0.04,51.0,1.0,1.0,333.485669643225,391.2332901712047,-0.14
-0.13,0.04,51.0,1.0,1.0,333.4856696432248,391.5069700131796,-0.13
-0.12,0.04,51.0,1.0,1.0,333.485669643225,391.78066757242414,-0.12
-0.11,0.04,51.0,1.0,1.0,333.48566964322487,392.0543820539849,-0.11
-0.1,0.04,51.0,1.0,1.0,333.48566964322475,392.3281127699072,-0.1
-0.09,0.04,51.0,1.0,1.0,333.48566964322464,392.6018591323366,-0.09
-0.08,0.04,51.0,1.0,1.0,333.4856696432249,392.8756206414677,-0.08
-0.07,0.04,51.0,1.0,1.0,333.48566964322464,393.1493968726864,-0.07
-0.06,0.04,51.0,1.0,1.0,333.48566964322475,393.4231874646587,-0.06
-0.05,0.04,51.0,1.0,1.0,333.48566964322487,393.46898484915124,-0.05
-0.04,0.04,51.0,1.0,1.0,333.485669643225,393.4689848491512,-0.04
-0.03,0.04,51.0,1.0,1.0,333.48566964322487,393.46898484915124,-0.03
-0.02,0.04,51.0,1.0,1.0,333.48566964322487,393.4689848491511,-0.02
-0.01,0.04,51.0,1.0,1.0,333.4856696432248,393.4689848491511,-0.01
0.0,0.04,51.0,1.0,1.0,333.48566964322487,393.4689848491512,0.0
-1.0,0.05,49.774189067793856,0.9759644915253697,0.5770257776008105,142.16017031615502,510.526404023356,-1.0
-0.99,0.05,49.806823827363644,0.9766043887718362,0.5878013239232502,152.10401126570756,514.0716303107507,-0.99
-0.98,0.05,49.8394172220938,0.9772434749430157,0.5985768702456901,162.2423797131935,491.23465833574863,-0.98
-0.97,0.05,49.871969368280546,0.9778817523192264,0.6093524165681298,178.71108539265043,480.3095979878418,-0.97
-0.96,0.05,49.904480381522205,0.978519223167102,0.6201279628905696,164.61222658446601,489.8083222957873,-0.96
-0.95,0.05,49.93695037665682,0.979155889738369,0.6309035092130094,177.96633407235743,464.054701274557,-0.95
-0.94,0.05,49.96937946768359,0.9797917542683057,0.6416790555354492,189.47598163610354,461.5123172013108,-0.94
-0.93,0.05,50.00176776766469,0.9804268189738174,0.6524546018578891,172.416406716451,458.80667543238786,-0.93
-0.92,0.05,50.0341153886024,0.9810610860510275,0.6632301481803288,208.18231394839935,457.04183984123455,-0.92
-0.91,0.05,50.06642244128591,0.9816945576722728,0.6740056945027683,188.3459867095307,454.0346680054611,-0.91
-0.9,0.05,50.098689035100634,0.9823272359823654,0.6847812408252083,214.20569337573235,452.922590348294,-0.9
-0.89,0.05,50.130915277791246,0.982959123093946,0.6955567871476477,208.01933850873152,450.4986109615286,-0.89
-0.88,0.05,50.1631012751678,0.9835902210817216,0.7063323334700877,225.32641522197153,448.64800412522175,-0.88
-0.87,0.05,50.19524713074195,0.9842205319753323,0.7171078797925272,237.78662308785096,448.4094017935244,-0.87
-0.86,0.05,50.227352945277325,0.9848500577505358,0.7278834261149674,223.9586616997401,447.6926111147261,-0.86
-0.85,0.05,50.25941881623515,0.9854788003183362,0.7386589724374069,250.9639634367458,443.5561183725968,-0.85
-0.84,0.05,50.291444837091625,0.9861067615116005,0.7494345187598469,234.81879168675093,442.3472971601297,-0.84
-0.83,0.05,50.32343109649962,0.98673394306862,0.7602100650822865,242.8053056791475,439.9580084151581,-0.83
-0.82,0.05,50.355377677261096,0.9873603466129627,0.7709856114047264,260.00946313216093,437.26631993954896,-0.82
-0.81,0.05,50.387284655070715,0.9879859736288376,0.781761157727166,253.85461588093526,434.5085861423119,-0.81
-0.8,0.05,50.4191520969836,0.988610825431051,0.7925367040496057,263.38892999862867,432.03223899378315,-0.8
-0.79,0.05,50.45098005955202,0.9892349031284711,0.8033122503720457,280.2084405126057,430.68379428889983,-0.79
-0.78,0.05,50.482768586566586,0.989858207579737,0.8140877966944855,282.6733094620071,430.2951263891148,-0.78
-0.77,0.05,50.514517706327595,0.9904807393397568,0.8248633430169251,283.8882695209172,428.5060338725557,-0.77
-0.76,0.05,50.54622742836195,0.9911024985953324,0.835638889339365,287.5317193384364,426.2116279720558,-0.76
-0.75,0.05,50.577897739490766,0.9917234850880542,0.8464144356618047,289.0453635391329,423.86931677237783,-0.75
-0.74,0.05,50.60952859914383,0.9923436980224281,0.8571899819842447,291.27870277692205,421.60731310366083,-0.74
-0.73,0.05,50.641119933810714,0.9929631359570729,0.867965528306684,294.35100009788965,419.55924220879876,-0.73
-0.72,0.05,50.67267163051701,0.9935817966768041,0.878741074629124,293.9311578120736,417.89750189930686,-0.72
-0.71,0.05,50.70418352922094,0.9941996770435478,0.8895166209515638,295.6276240899898,416.7718624403813,-0.71
-0.7,0.05,50.735655414046775,0.9948167728244466,0.9002921672740035,297.10202758477317,416.22503524638347,-0.7
-0.69,0.05,50.767087003312625,0.995433078496326,0.9110677135964433,305.27961198379137,416.1527872308018,-0.69
-0.68,0.05,50.7984779383839,0.9960485870271353,0.9218432599188828,325.6222204928857,416.36336168135034,-0.68
-0.67,0.05,50.82982777150322,0.996663289637318,0.9326188062413228,325.9252206587269,416.6790020507984,-0.67
-0.66,0.05,50.861135952935456,0.9972771755477541,0.9433943525637623,326.22893065636,416.9899095231008,-0.66
-0.65,0.05,50.89240181804968,0.9978902317264643,0.9541698988862024,326.53348266317096,417.25095351474107,-0.65
-0.64,0.05,50.92363674316125,0.998502681238456,0.9649454452086419,326.8334347107654,417.45683483245705,-0.64
-0.63,0.05,50.95484102301332,0.9991145298630063,0.9757209915310822,327.11283748593826,417.6161862925283,-0.63
-0.62,0.05,50.985718404976225,0.999719968725024,0.9864965378535215,327.3923476277741,417.7198241457868,-0.62
-0.61,0.05,50.99727208417596,0.9999465114544306,0.9972720841759617,327.67438585299044,417.75373388985565,-0.61
-0.6,0.05,51.0,1.0,1.0,327.95750120340955,417.7570968970933,-0.6
-0.59,0.05,51.0,1.0,1.0,328.24179352986744,417.75723607593875,-0.59
-0.58,0.05,51.0,1.0,1.0,328.5269522520042,417.7572447579258,-0.58
-0.57,0.05,51.0,1.0,1.0,328.8127264239504,417.7572460573475,-0.57
-0.56,0.05,51.0,1.0,1.0,329.1001397694318,417.7572463928145,-0.56
-0.55,0.05,51.0,1.0,1.0,329.3889411733113,417.7572464995837,-0.55
-0.54,0.05,51.0,1.0,1.0,329.6790525326271,417.75724653504784,-0.54
-0.53,0.05,51.0,1.0,1.0,329.97047777870534,417.7572465465917,-0.53
-0.52,0.05,51.0,1.0,1.0,330.2632419313005,417.7572465501956,-0.52
-0.51,0.05,51.0,1.0,1.0,330.5574285050956,417.75724655126743,-0.51
-0.5,0.05,51.0,1.0,1.0,330.8525008864526,417.7572465515711,-0.5
-0.49,0.05,51.0,1.0,1.0,331.14994522037006,417.7572465516534,-0.49
-0.48,0.05,51.0,1.0,1.0,331.44929263551103,417.7572465516685,-0.48
-0.47,0.05,51.0,1.0,1.0,331.7497646628499,417.7572465516685,-0.47
-0.46,0.05,51.0,1.0,1.0,332.0537372521073,417.7572465516685,-0.46
-0.45,0.05,51.0,1.0,1.0,332.3606398303594,417.7572465516685,-0.45
-0.44,0.05,51.0,1.0,1.0,332.66983933385416,417.7572465516685,-0.44
-0.43,0.05,51.0,1.0,1.0,332.9851655924089,417.7572465516685,-0.43
-0.42,0.05,51.0,1.0,1.0,333.3089447458674,417.7572465516685,-0.42
-0.41,0.05,51.0,1.0,1.0,333.4856696432248,417.7572465516685,-0.41
-0.4,0.05,51.0,1.0,1.0,333.4856696432248,417.7572465516685,-0.4
-0.39,0.05,51.0,1.0,1.0,333.4856696432249,417.7572465516685,-0.39
-0.38,0.05,51.0,1.0,1.0,333.4856696432248,417.7572465516685,-0.38
-0.37,0.05,51.0,1.0,1.0,333.48566964322487,417.7572465516685,-0.37
-0.36,0.05,51.0,1.0,1.0,333.48566964322487,417.7572465516685,-0.36
-0.35,0.05,51.0,1.0,1.0,333.48566964322487,417.7572465516685,-0.35
-0.34,0.05,51.0,1.0,1.0,333.4856696432248,417.7572465516685,-0.34
-0.33,0.05,51.0,1.0,1.0,333.485669643225,417.7572465516685,-0.33
-0.32,0.05,51.0,1.0,1.0,333.4856696432248,417.7572465516685,-0.32
-0.31,0.05,51.0,1.0,1.0,333.485669643225,417.7572465516685,-0.31
-0.3,0.05,51.0,1.0,1.0,333.48566964322487,417.7572465516685,-0.3
-0.29,0.05,51.0,1.0,1.0,333.48566964322487,417.7572465516685,-0.29
-0.28,0.05,51.0,1.0,1.0,333.48566964322464,417.7572465516685,-0.28
-0.27,0.05,51.0,1.0,1.0,333.48566964322475,417.7572465516685,-0.27
-0.26,0.05,51.0,1.0,1.0,333.4856696432248,417.7572465516685,-0.26
-0.25,0.05,51.0,1.0,1.0,333.48566964322487,417.7572465516685,-0.25
-0.24,0.05,51.0,1.0,1.0,333.48566964322487,417.7572465516685,-0.24
-0.23,0.05,51.0,1.0,1.0,333.4856696432248,417.7572465516685,-0.23
-0.22,0.05,51.0,1.0,1.0,333.4856696432249,417.7572465516685,-0.22
-0.21,0.05,51.0,1.0,1.0,333.4856696432249,417.7572465516685,-0.21
-0.2,0.05,51.0,1.0,1.0,333.4856696432248,417.7572465516685,-0.2
-0.19,0.05,51.0,1.0,1.0,333.48566964322475,417.7572465516685,-0.19
-0.18,0.05,51.0,1.0,1.0,333.48566964322464,417.7572465516685,-0.18
-0.17,0.05,51.0,1.0,1.0,333.4856696432249,417.7572465516685,-0.17
-0.16,0.05,51.0,1.0,1.0,333.48566964322487,417.7572465516685,-0.16
-0.15,0.05,51.0,1.0,1.0,333.48566964322475,417.7572465516685,-0.15
-0.14,0.05,51.0,1.0,1.0,333.485669643225,417.7572465516685,-0.14
-0.13,0.05,51.0,1.0,1.0,333.4856696432248,417.7572465516685,-0.13
-0.12,0.05,51.0,1.0,1.0,333.485669643225,417.7572465516685,-0.12
-0.11,0.05,51.0,1.0,1.0,333.48566964322487,417.7572465516685,-0.11
-0.1,0.05,51.0,1.0,1.0,333.48566964322475,417.7572465516685,-0.1
-0.09,0.05,51.0,1.0,1.0,333.48566964322464,417.7572465516685,-0.09
-0.08,0.05,51.0,1.0,1.0,333.4856696432249,417.7572465516685,-0.08
-0.07,0.05,51.0,1.0,1.0,333.48566964322464,417.7572465516654,-0.07
-0.06,0.05,51.0,1.0,1.0,333.48566964322475,417.7572465516608,-0.06
-0.05,0.05,51.0,1.0,1.0,333.48566964322487,417.75724655166,-0.05
-0.04,0.05,51.0,1.0,1.0,333.485669643225,417.75724655166,-0.04
-0.03,0.05,51.0,1.0,1.0,333.48566964322487,417.75724655166,-0.03
-0.02,0.05,51.0,1.0,1.0,333.48566964322487,417.75724655166,-0.02
-0.01,0.05,51.0,1.0,1.0,333.4856696432248,417.75724655166,-0.01
0.0,0.05,51.0,1.0,1.0,333.48566964322487,417.75724655166,0.0
-1.0,0.06,49.774189067793856,0.9759644915253697,0.5770257776008105,142.16017031615502,527.2181140715537,-1.0
-0.99,0.06,49.806823827363644,0.9766043887718362,0.5878013239232502,152.10401126570756,534.3702050948457,-0.99
-0.98,0.06,49.8394172220938,0.9772434749430157,0.5985768702456901,162.2423797131935,516.9386335418651,-0.98
-0.97,0.06,49.871969368280546,0.9778817523192264,0.6093524165681298,178.71108539265043,506.20858117000233,-0.97
-0.96,0.06,49.904480381522205,0.978519223167102,0.6201279628905696,167.67156304468057,502.8590723841403,-0.96
-0.95,0.06,49.93695037665682,0.979155889738369,0.6309035092130094,177.96633407235743,488.64108938967667,-0.95
-0.94,0.06,49.96937946768359,0.9797917542683057,0.6416790555354492,189.47598163610354,476.5870503473328,-0.94
-0.93,0.06,50.00176776766469,0.9804268189738174,0.6524546018578891,172.416406716451,487.756840519713,-0.93
-0.92,0.06,50.0341153886024,0.9810610860510275,0.6632301481803288,208.18231394839935,465.18781072548194,-0.92
-0.91,0.06,50.06642244128591,0.9816945576722728,0.6740056945027683,188.3459867095307,472.60237047368315,-0.91
-0.9,0.06,50.098689035100634,0.9823272359823654,0.6847812408252083,214.20569337572766,430.7342260641036,-0.9
-0.89,0.06,50.130915277791246,0.982959123093946,0.6955567871476477,208.01933850873152,433.0210607348467,-0.89
-0.88,0.06,50.1631012751678,0.9835902210817216,0.7063323334700877,225.32641522197153,435.78827610633454,-0.88
-0.87,0.06,50.19524713074195,0.9842205319753323,0.7171078797925272,237.78662308785096,437.25160360615274,-0.87
-0.86,0.06,50.227352945277325,0.9848500577505358,0.7278834261149674,223.9586616997413,437.727626030861,-0.86
-0.85,0.06,50.25941881623515,0.9854788003183362,0.7386589724374069,250.9639634367458,437.7526527368193,-0.85
-0.84,0.06,50.291444837091625,0.9861067615116005,0.7494345187598469,234.81879168675093,437.9780892071434,-0.84
-0.83,0.06,50.32343109649962,0.98673394306862,0.7602100650822865,242.8053056791475,438.051828057773,-0.83
-0.82,0.06,50.355377677261096,0.9873603466129627,0.7709856114047264,260.00946313216093,438.0961288949081,-0.82
-0.81,0.06,50.387284655070715,0.9879859736288376,0.781761157727166,253.85461588093526,438.1232307920318,-0.81
-0.8,0.06,50.4191520969836,0.988610825431051,0.7925367040496057,263.38892999862867,438.13960241469664,-0.8
-0.79,0.06,50.45098005955202,0.9892349031284711,0.8033122503720457,280.2084405126057,438.1491733947039,-0.79
-0.78,0.06,50.482768586566586,0.989858207579737,0.8140877966944855,282.6733094620071,438.1543786482347,-0.78
-0.77,0.06,50.514517706327595,0.9904807393397568,0.8248633430169251,283.8882695209172,438.15721220355766,-0.77
-0.76,0.06,50.54622742836195,0.9911024985953324,0.835638889339365,287.5317193384364,438.1587622675009,-0.76
-0.75,0.06,50.577897739490766,0.9917234850880542,0.8464144356618047,289.0453635391329,438.1595928446899,-0.75
-0.74,0.06,50.60952859914383,0.9923436980224281,0.8571899819842447,291.278702776922,438.1600278427511,-0.74
-0.73,0.06,50.641119933810714,0.9929631359570729,0.867965528306684,294.35100009788965,438.16025044871105,-0.73
-0.72,0.06,50.67267163051701,0.9935817966768041,0.878741074629124,293.9311578120736,438.1603617062262,-0.72
-0.71,0.06,50.70418352922094,0.9941996770435478,0.8895166209515638,295.6276240899898,438.1604159822543,-0.71
-0.7,0.06,50.735655414046775,0.9948167728244466,0.9002921672740035,297.1020275847732,438.1604418086017,-0.7
-0.69,0.06,50.767087003312625,0.995433078496326,0.9110677135964433,305.27961198379137,438.16045378536603,-0.69
-0.68,0.06,50.7984779383839,0.9960485870271353,0.9218432599188828,325.6222204928857,438.16045919367,-0.68
-0.67,0.06,50.82982777150322,0.996663289637318,0.9326188062413228,325.9252206587269,438.1604615699417,-0.67
-0.66,0.06,50.861135952935456,0.9972771755477541,0.9433943525637623,326.22893065636,438.1604625855482,-0.66
-0.65,0.06,50.89240181804968,0.9978902317264643,0.9541698988862024,326.53348266317096,438.16046300804885,-0.65
-0.64,0.06,50.92363674316125,0.998502681238456,0.9649454452086419,326.8334347107654,438.1604631785729,-0.64
-0.63,0.06,50.95484102301332,0.9991145298630063,0.9757209915310822,327.11283748593826,438.16046324163216,-0.63
-0.62,0.06,50.985718404976225,0.999719968725024,0.9864965378535215,327.3923476277741,438.16046325715524,-0.62
-0.61,0.06,50.99727208417596,0.9999465114544306,0.9972720841759617,327.67438585299044,438.16046325827006,-0.61
-0.6,0.06,51.0,1.0,1.0,327.95750120340955,438.16046325827824,-0.6
-0.59,0.06,51.0,1.0,1.0,328.24179352986744,438.16046325827824,-0.59
-0.58,0.06,51.0,1.0,1.0,328.5269522520042,438.16046325827824,-0.58
-0.57,0.06,51.0,1.0,1.0,328.8127264239504,438.16046325827824,-0.57
-0.56,0.06,51.0,1.0,1.0,329.1001397694318,438.16046325827824,-0.56
-0.55,0.06,51.0,1.0,1.0,329.3889411733113,438.16046325827824,-0.55
-0.54,0.06,51.0,1.0,1.0,329.6790525326271,438.16046325827824,-0.54
-0.53,0.06,51.0,1.0,1.0,329.97047777870534,438.16046325827824,-0.53
-0.52,0.06,51.0,1.0,1.0,330.2632419313005,438.16046325827824,-0.52
-0.51,0.06,51.0,1.0,1.0,330.5574285050956,438.16046325827824,-0.51
-0.5,0.06,51.0,1.0,1.0,330.8525008864526,438.16046325827824,-0.5
-0.49,0.06,51.0,1.0,1.0,331.14994522037006,438.16046325827824,-0.49
-0.48,0.06,51.0,1.0,1.0,331.44929263551103,438.16046325827824,-0.48
-0.47,0.06,51.0,1.0,1.0,331.7497646628499,438.16046325827824,-0.47
-0.46,0.06,51.0,1.0,1.0,332.0537372521073,438.16046325827824,-0.46
-0.45,0.06,51.0,1.0,1.0,332.3606398303594,438.16046325827824,-0.45
-0.44,0.06,51.0,1.0,1.0,332.66983933385416,438.16046325827824,-0.44
-0.43,0.06,51.0,1.0,1.0,332.9851655924089,438.16046325827824,-0.43
-0.42,0.06,51.0,1.0,1.0,333.3089447458674,438.16046325827824,-0.42
-0.41,0.06,51.0,1.0,1.0,333.4856696432248,438.16046325827824,-0.41
-0.4,0.06,51.0,1.0,1.0,333.4856696432248,438.16046325827824,-0.4
-0.39,0.06,51.0,1.0,1.0,333.4856696432249,438.16046325827824,-0.39
-0.38,0.06,51.0,1.0,1.0,333.4856696432248,438.16046325827824,-0.38
-0.37,0.06,51.0,1.0,1.0,333.48566964322487,438.16046325827824,-0.37
-0.36,0.06,51.0,1.0,1.0,333.48566964322487,438.16046325827824,-0.36
-0.35,0.06,51.0,1.0,1.0,333.48566964322487,438.16046325827824,-0.35
-0.34,0.06,51.0,1.0,1.0,333.4856696432248,438.16046325827824,-0.34
-0.33,0.06,51.0,1.0,1.0,333.485669643225,438.16046325827824,-0.33
-0.32,0.06,51.0,1.0,1.0,333.4856696432248,438.16046325827824,-0.32
-0.31,0.06,51.0,1.0,1.0,333.485669643225,438.16046325827824,-0.31
-0.3,0.06,51.0,1.0,1.0,333.48566964322487,438.16046325827824,-0.3
-0.29,0.06,51.0,1.0,1.0,333.48566964322487,438.16046325827824,-0.29
-0.28,0.06,51.0,1.0,1.0,333.48566964322464,438.16046325827824,-0.28
-0.27,0.06,51.0,1.0,1.0,333.48566964322475,438.16046325827824,-0.27
-0.26,0.06,51.0,1.0,1.0,333.4856696432248,438.16046325827824,-0.26
-0.25,0.06,51.0,1.0,1.0,333.48566964322487,438.16046325827824,-0.25
-0.24,0.06,51.0,1.0,1.0,333.48566964322487,438.16046325827824,-0.24
-0.23,0.06,51.0,1.0,1.0,333.4856696432248,438.16046325827824,-0.23
-0.22,0.06,51.0,1.0,1.0,333.4856696432249,438.16046325827824,-0.22
-0.21,0.06,51.0,1.0,1.0,333.4856696432249,438.16046325827824,-0.21
-0.2,0.06,51.0,1.0,1.0,333.4856696432248,438.16046325827824,-0.2
-0.19,0.06,51.0,1.0,1.0,333.48566964322475,438.16046325827824,-0.19
-0.18,0.06,51.0,1.0,1.0,333.48566964322464,438.16046325827824,-0.18
-0.17,0.06,51.0,1.0,1.0,333.4856696432249,438.16046325827824,-0.17
-0.16,0.06,51.0,1.0,1.0,333.48566964322487,438.16046325827824,-0.16
-0.15,0.06,51.0,1.0,1.0,333.48566964322475,438.16046325827824,-0.15
-0.14,0.06,51.0,1.0,1.0,333.485669643225,438.16046325827824,-0.14
-0.13,0.06,51.0,1.0,1.0,333.4856696432248,438.16046325827824,-0.13
-0.12,0.06,51.0,1.0,1.0,333.485669643225,438.16046325827824,-0.12
-0.11,0.06,51.0,1.0,1.0,333.48566964322487,438.16046325827824,-0.11
-0.1,0.06,51.0,1.0,1.0,333.48566964322475,438.16046325827824,-0.1
-0.09,0.06,51.0,1.0,1.0,333.48566964322464,438.16046325827824,-0.09
-0.08,0.06,51.0,1.0,1.0,333.4856696432249,438.16046325827824,-0.08
-0.07,0.06,51.0,1.0,1.0,333.48566964322464,438.16046325827824,-0.07
-0.06,0.06,51.0,1.0,1.0,333.48566964322475,438.16046325827824,-0.06
-0.05,0.06,51.0,1.0,1.0,333.48566964322487,438.16046325827824,-0.05
-0.04,0.06,51.0,1.0,1.0,333.485669643225,438.16046325827824,-0.04
-0.03,0.06,51.0,1.0,1.0,333.48566964322487,438.16046325827824,-0.03
-0.02,0.06,51.0,1.0,1.0,333.48566964322487,438.16046325827824,-0.02
-0.01,0.06,51.0,1.0,1.0,333.4856696432248,438.16046325827824,-0.01
0.0,0.06,51.0,1.0,1.0,333.48566964322487,438.16046325827824,0.0
-1.0,0.07,49.774189067793856,0.9759644915253697,0.5770257776008105,142.14895511178383,538.0699556127423,-1.0
-0.99,0.07,49.806823827363644,0.9766043887718362,0.5878013239232502,152.10401126570756,549.9042163467618,-0.99
-0.98,0.07,49.8394172220938,0.9772434749430157,0.5985768702456901,162.2423797131935,528.0889584641259,-0.98
-0.97,0.07,49.871969368280546,0.9778817523192264,0.6093524165681298,178.71108539265043,513.158131248717,-0.97
-0.96,0.07,49.904480381522205,0.978519223167102,0.6201279628905696,165.49724783920655,522.5853204894523,-0.96
-0.95,0.07,49.93695037665682,0.979155889738369,0.6309035092130094,177.96633407235743,474.1345134054244,-0.95
-0.94,0.07,49.96937946768359,0.9797917542683057,0.6416790555354492,189.47598163610354,466.60086278297274,-0.94
-0.93,0.07,50.00176776766469,0.9804268189738174,0.6524546018578891,172.416406716451,467.7218599974668,-0.93
-0.92,0.07,50.0341153886024,0.9810610860510275,0.6632301481803288,208.18231394839935,455.34878764109936,-0.92
-0.91,0.07,50.06642244128591,0.9816945576722728,0.6740056945027683,188.3459867095307,455.0352513731813,-0.91
-0.9,0.07,50.098689035100634,0.9823272359823654,0.6847812408252083,214.20569337572766,456.57711677224677,-0.9
-0.89,0.07,50.130915277791246,0.982959123093946,0.6955567871476477,208.01933850873152,456.6549330258107,-0.89
-0.88,0.07,50.1631012751678,0.9835902210817216,0.7063323334700877,225.32641522197153,456.71243060476075,-0.88
-0.87,0.07,50.19524713074195,0.9842205319753323,0.7171078797925272,237.78662308785096,456.746831646069,-0.87
-0.86,0.07,50.227352945277325,0.9848500577505358,0.7278834261149674,223.9586616997401,456.7625140517811,-0.86
-0.85,0.07,50.25941881623515,0.9854788003183362,0.7386589724374069,250.9639634367458,456.76909469718953,-0.85
-0.84,0.07,50.291444837091625,0.9861067615116005,0.7494345187598469,234.81879168675093,456.77339966983686,-0.84
-0.83,0.07,50.32343109649962,0.98673394306862,0.7602100650822865,242.8053056791475,456.77562435373136,-0.83
-0.82,0.07,50.355377677261096,0.9873603466129627,0.7709856114047264,260.00946313216093,456.7768462812851,-0.82
-0.81,0.07,50.387284655070715,0.9879859736288376,0.781761157727166,253.85461588093526,456.77750442350964,-0.81
-0.8,0.07,50.4191520969836,0.988610825431051,0.7925367040496057,263.38892999862867,456.7778515670286,-0.8
-0.79,0.07,50.45098005955202,0.9892349031284711,0.8033122503720457,280.2084405126057,456.77803048012646,-0.79
-0.78,0.07,50.482768586566586,0.989858207579737,0.8140877966944855,282.6733094620071,456.77812026913557,-0.78
-0.77,0.07,50.514517706327595,0.9904807393397568,0.8248633430169251,283.8882695209172,456.77816442864906,-0.77
-0.76,0.07,50.54622742836195,0.9911024985953324,0.835638889339365,287.5317193384364,456.778185698007,-0.76
-0.75,0.07,50.577897739490766,0.9917234850880542,0.8464144356618047,289.0453635391329,456.7781956989597,-0.75
-0.74,0.07,50.60952859914383,0.9923436980224281,0.8571899819842447,291.27870277692205,456.7782002855505,-0.74
-0.73,0.07,50.641119933810714,0.9929631359570729,0.867965528306684,294.35100009788965,456.77820233536806,-0.73
-0.72,0.07,50.67267163051701,0.9935817966768041,0.878741074629124,293.9311578120736,456.7782032272112,-0.72
-0.71,0.07,50.70418352922094,0.9941996770435478,0.8895166209515638,295.6276240899898,456.7782036045528,-0.71
-0.7,0.07,50.735655414046775,0.9948167728244466,0.9002921672740035,297.10202758477317,456.77820375962347,-0.7
-0.69,0.07,50.767087003312625,0.995433078496326,0.9110677135964433,305.27961198379137,456.77820382143915,-0.69
-0.68,0.07,50.7984779383839,0.9960485870271353,0.9218432599188828,325.6222204928857,456.7782038453075,-0.68
-0.67,0.07,50.82982777150322,0.996663289637318,0.9326188062413228,325.9252206587269,456.778203854221,-0.67
-0.66,0.07,50.861135952935456,0.9972771755477541,0.9433943525637623,326.22893065636,456.77820385743524,-0.66
-0.65,0.07,50.89240181804968,0.9978902317264643,0.9541698988862024,326.53348266317096,456.77820385855154,-0.65
-0.64,0.07,50.92363674316125,0.998502681238456,0.9649454452086419,326.8334347107654,456.77820385892005,-0.64
-0.63,0.07,50.95484102301332,0.9991145298630063,0.9757209915310822,327.11283748593826,456.7782038590257,-0.63
-0.62,0.07,50.985718404976225,0.999719968725024,0.9864965378535215,327.3923476277741,456.7782038590433,-0.62
-0.61,0.07,50.99727208417596,0.9999465114544306,0.9972720841759617,327.67438585299044,456.7782038590439,-0.61
-0.6,0.07,51.0,1.0,1.0,327.95750120340955,456.7782038590439,-0.6
-0.59,0.07,51.0,1.0,1.0,328.24179352986744,456.7782038590439,-0.59
-0.58,0.07,51.0,1.0,1.0,328.5269522520042,456.7782038590439,-0.58
-0.57,0.07,51.0,1.0,1.0,328.8127264239504,456.7782038590439,-0.57
-0.56,0.07,51.0,1.0,1.0,329.1001397694318,456.7782038590439,-0.56
-0.55,0.07,51.0,1.0,1.0,329.3889411733113,456.7782038590439,-0.55
-0.54,0.07,51.0,1.0,1.0,329.6790525326271,456.7782038590439,-0.54
-0.53,0.07,51.0,1.0,1.0,329.97047777870534,456.7782038590439,-0.53
-0.52,0.07,51.0,1.0,1.0,330.2632419313005,456.7782038590439,-0.52
-0.51,0.07,51.0,1.0,1.0,330.5574285050956,456.7782038590439,-0.51
-0.5,0.07,51.0,1.0,1.0,330.8525008864527,456.7782038590439,-0.5
-0.49,0.07,51.0,1.0,1.0,331.14994522037006,456.7782038590439,-0.49
-0.48,0.07,51.0,1.0,1.0,331.44929263551103,456.7782038590439,-0.48
-0.47,0.07,51.0,1.0,1.0,331.7497646628499,456.7782038590439,-0.47
-0.46,0.07,51.0,1.0,1.0,332.0537372521073,456.7782038590439,-0.46
-0.45,0.07,51.0,1.0,1.0,332.3606398303594,456.7782038590439,-0.45
-0.44,0.07,51.0,1.0,1.0,332.66983933385416,456.7782038590439,-0.44
-0.43,0.07,51.0,1.0,1.0,332.9851655924089,456.7782038590439,-0.43
-0.42,0.07,51.0,1.0,1.0,333.3089447458674,456.7782038590439,-0.42
-0.41,0.07,51.0,1.0,1.0,333.4856696432248,456.7782038590439,-0.41
-0.4,0.07,51.0,1.0,1.0,333.4856696432248,456.7782038590439,-0.4
-0.39,0.07,51.0,1.0,1.0,333.4856696432249,456.7782038590439,-0.39
-0.38,0.07,51.0,1.0,1.0,333.4856696432248,456.7782038590439,-0.38
-0.37,0.07,51.0,1.0,1.0,333.48566964322487,456.7782038590439,-0.37
-0.36,0.07,51.0,1.0,1.0,333.48566964322487,456.7782038590439,-0.36
-0.35,0.07,51.0,1.0,1.0,333.48566964322487,456.7782038590439,-0.35
-0.34,0.07,51.0,1.0,1.0,333.4856696432248,456.7782038590439,-0.34
-0.33,0.07,51.0,1.0,1.0,333.485669643225,456.7782038590439,-0.33
-0.32,0.07,51.0,1.0,1.0,333.4856696432248,456.7782038590439,-0.32
-0.31,0.07,51.0,1.0,1.0,333.485669643225,456.7782038590439,-0.31
-0.3,0.07,51.0,1.0,1.0,333.48566964322487,456.7782038590439,-0.3
-0.29,0.07,51.0,1.0,1.0,333.48566964322487,456.7782038590439,-0.29
-0.28,0.07,51.0,1.0,1.0,333.48566964322464,456.7782038590439,-0.28
-0.27,0.07,51.0,1.0,1.0,333.48566964322475,456.7782038590439,-0.27
-0.26,0.07,51.0,1.0,1.0,333.4856696432248,456.7782038590439,-0.26
-0.25,0.07,51.0,1.0,1.0,333.48566964322487,456.7782038590439,-0.25
-0.24,0.07,51.0,1.0,1.0,333.48566964322487,456.7782038590439,-0.24
-0.23,0.07,51.0,1.0,1.0,333.4856696432248,456.7782038590439,-0.23
-0.22,0.07,51.0,1.0,1.0,333.4856696432249,456.7782038590439,-0.22
-0.21,0.07,51.0,1.0,1.0,333.4856696432249,456.7782038590439,-0.21
-0.2,0.07,51.0,1.0,1.0,333.4856696432248,456.7782038590439,-0.2
-0.19,0.07,51.0,1.0,1.0,333.48566964322475,456.7782038590439,-0.19
-0.18,0.07,51.0,1.0,1.0,333.48566964322464,456.7782038590439,-0.18
-0.17,0.07,51.0,1.0,1.0,333.4856696432249,456.7782038590439,-0.17
-0.16,0.07,51.0,1.0,1.0,333.48566964322487,456.7782038590439,-0.16
-0.15,0.07,51.0,1.0,1.0,333.48566964322475,456.7782038590439,-0.15
-0.14,0.07,51.0,1.0,1.0,333.485669643225,456.7782038590439,-0.14
-0.13,0.07,51.0,1.0,1.0,333.4856696432248,456.7782038590439,-0.13
-0.12,0.07,51.0,1.0,1.0,333.485669643225,456.7782038590439,-0.12
-0.11,0.07,51.0,1.0,1.0,333.48566964322487,456.7782038590439,-0.11
-0.1,0.07,51.0,1.0,1.0,333.48566964322475,456.7782038590439,-0.1
-0.09,0.07,51.0,1.0,1.0,333.48566964322464,456.7782038590439,-0.09
-0.08,0.07,51.0,1.0,1.0,333.4856696432249,456.7782038590439,-0.08
-0.07,0.07,51.0,1.0,1.0,333.48566964322464,456.7782038590439,-0.07
-0.06,0.07,51.0,1.0,1.0,333.48566964322475,456.7782038590439,-0.06
-0.05,0.07,51.0,1.0,1.0,333.48566964322487,456.7782038590439,-0.05
-0.04,0.07,51.0,1.0,1.0,333.485669643225,456.7782038590439,-0.04
-0.03,0.07,51.0,1.0,1.0,333.48566964322487,456.7782038590439,-0.03
-0.02,0.07,51.0,1.0,1.0,333.48566964322487,456.7782038590439,-0.02
-0.01,0.07,51.0,1.0,1.0,333.4856696432248,456.7782038590439,-0.01
0.0,0.07,51.0,1.0,1.0,333.48566964322487,456.7782038590439,0.0
-1.0,0.08,49.71404633742047,0.9747852223023622,0.5572032814341522,122.94066182308093,555.769490820859,-1.0
-0.99,0.08,49.74594397643515,0.9754106662046108,0.5677106755801793,159.24987147806547,563.9885848195999,-0.99
-0.98,0.08,49.77780207595502,0.9760353348226475,0.5782180697262065,170.129869616035,554.1058622766687,-0.98
-0.97,0.08,49.809620744906496,0.9766592302922842,0.5887254638722338,141.1699983972102,521.9942422762194,-0.97
-0.96,0.08,49.841400091661896,0.9772823547384686,0.5992328580182611,144.22471323838587,519.3513484192657,-0.96
-0.95,0.08,49.87314022400405,0.9779047102745891,0.6097402521642882,165.91010039859157,496.41595439693316,-0.95
-0.94,0.08,49.90484124908185,0.9785262990016048,0.6202476463103155,193.7810705807286,501.50875195163724,-0.94
-0.93,0.08,49.9365032733546,0.979147123006953,0.6307550404563427,163.06127089815348,522.5958549995253,-0.93
-0.92,0.08,49.968126402522536,0.979767184363187,0.64126243460237,185.35247344270036,452.39750266838104,-0.92
-0.91,0.08,49.99971074144018,0.9803864851262781,0.6517698287483968,200.01632201702847,454.07279751787894,-0.91
-0.9,0.08,50.031256394008835,0.9810050273335066,0.6622772228944244,199.70434619093064,456.18494313013827,-0.9
-0.89,0.08,50.06276346304301,0.9816228130008434,0.6727846170404512,205.48648035486036,456.5562156871391,-0.89
-0.88,0.08,50.094232050105205,0.9822398441197099,0.6832920111864788,227.66938643055633,456.78526973227343,-0.88
-0.87,0.08,50.125662255301535,0.9828561226529713,0.6937994053325056,216.99564357063483,456.91244155517614,-0.87
-0.86,0.08,50.157054177029764,0.9834716505299954,0.7043067994785331,221.0650980879958,457.0098075932426,-0.86
-0.85,0.08,50.18840791166872,0.9840864296405631,0.7148141936245602,224.7446939580275,457.07048042226864,-0.85
-0.84,0.08,50.21972355319657,0.9847004618273838,0.7253215877705876,235.19698699109128,457.0996804668706,-0.84
-0.83,0.08,50.25100119272223,0.9853137488769065,0.7358289819166147,237.31961354792287,457.11124936978666,-0.83
-0.82,0.08,50.28224091791128,0.9859262925080643,0.7463363760626421,246.28843702903598,457.11798610974904,-0.82
-0.81,0.08,50.31344281228412,0.9865380943585123,0.7568437702086691,254.24158748730414,457.12170010853197,-0.81
-0.8,0.08,50.34460695435944,0.9871491559678321,0.7673511643546963,264.6450060317954,457.1237477110645,-0.8
-0.79,0.08,50.37573341661158,0.9877594787570898,0.7778585585007235,273.8964003044752,457.1248551125979,-0.79
-0.78,0.08,50.40682226420409,0.9883690640040017,0.7883659526467507,280.15086646313677,457.1254412554627,-0.78
-0.77,0.08,50.4378735534557,0.988977912812857,0.7988733467927779,277.64648115370676,457.1257445165824,-0.77
-0.76,0.08,50.46888732998734,0.9895860260781831,0.8093807409388052,283.92200487808486,457.1258973031667,-0.76
-0.75,0.08,50.4998636264912,0.9901934044410039,0.8198881350848323,286.0732799388861,457.1259724607179,-0.75
-0.74,0.08,50.53080246005425,0.9908000482363578,0.8303955292308596,287.1829778645631,457.1260086889972,-0.74
-0.73,0.08,50.56170382896035,0.991405957430595,0.8409029233768869,291.27280332539846,457.1260257361572,-0.73
-0.72,0.08,50.592567708887074,0.9920111315468054,0.8514103175229142,293.3825457269855,457.12603355570076,-0.72
-0.71,0.08,50.62339404840699,0.9926155695766077,0.8619177116689415,292.4764943493261,457.1260370491522,-0.71
-0.7,0.08,50.65418276369954,0.9932192698764615,0.8724251058149683,294.89225457325176,457.1260385677603,-0.7
-0.69,0.08,50.68493373238171,0.9938222300467001,0.8829324999609958,298.1667031887472,457.12603920938415,-0.69
-0.68,0.08,50.71564678637572,0.9944244467916808,0.8934398941070226,297.88026483762735,457.1260394725531,-0.68
-0.67,0.08,50.74632170375537,0.9950259157599092,0.9039472882530499,302.8231948068671,457.12603957720063,-0.67
-0.66,0.08,50.776962664656715,0.9956267189148376,0.9144546823990771,324.9619867920595,457.12603961748425,-0.66
-0.65,0.08,50.807605650593686,0.9962275617763467,0.9249620765451045,325.64472262376927,457.12603963247216,-0.65
-0.64,0.08,50.83820766954038,0.9968276013635369,0.9354694706911316,325.91862188859443,457.12603963785244,-0.64
-0.63,0.08,50.86876779805537,0.9974268195697132,0.9459768648371593,326.19406084354415,457.1260396397118,-0.63
-0.62,0.08,50.89928426298168,0.9980251816270918,0.9564842589831861,326.47084747144794,457.1260396403273,-0.62
-0.61,0.08,50.92975295223714,0.9986226069066105,0.9669916531292138,326.74880715857273,457.1260396405177,-0.61
-0.6,0.08,50.96016406519928,0.9992189032392016,0.9774990472752404,327.0277139367154,457.12603964056586,-0.6
-0.59,0.08,50.98800644142127,0.9997648321847308,0.988006441421268,327.30735101780215,457.1260396405718,-0.59
-0.58,0.08,50.998513835567294,0.9999708595209273,0.9985138355672949,327.5880020252783,457.1260396405719,-0.58
-0.57,0.08,51.0,1.0,1.0,327.87039729327364,457.1260396405719,-0.57
-0.56,0.08,51.0,1.0,1.0,328.15395455486663,457.1260396405719,-0.56
-0.55,0.08,51.0,1.0,1.0,328.43849431455703,457.1260396405719,-0.55
-0.54,0.08,51.0,1.0,1.0,328.7241519281948,457.1260396405719,-0.54
-0.53,0.08,51.0,1.0,1.0,329.0109234571829,457.1260396405719,-0.53
-0.52,0.08,51.0,1.0,1.0,329.2981625460275,457.1260396405719,-0.52
-0.51,0.08,51.0,1.0,1.0,329.5871729891557,457.1260396405719,-0.51
-0.5,0.08,51.0,1.0,1.0,329.8773226891424,457.1260396405719,-0.5
-0.49,0.08,51.0,1.0,1.0,330.1676480379079,457.1260396405719,-0.49
-0.48,0.08,51.0,1.0,1.0,330.4602754341188,457.1260396405719,-0.48
-0.47,0.08,51.0,1.0,1.0,330.75429083187566,457.1260396405719,-0.47
-0.46,0.08,51.0,1.0,1.0,331.0487631007947,457.1260396405719,-0.46
-0.45,0.08,51.0,1.0,1.0,331.34603271876193,457.1260396405719,-0.45
-0.44,0.08,51.0,1.0,1.0,331.64522898982256,457.1260396405719,-0.44
-0.43,0.08,51.0,1.0,1.0,331.9466343232825,457.1260396405719,-0.43
-0.42,0.08,51.0,1.0,1.0,332.24966762725325,457.1260396405719,-0.42
-0.41,0.08,51.0,1.0,1.0,332.5566226291379,457.1260396405719,-0.41
-0.4,0.08,51.0,1.0,1.0,332.86759484598366,457.1260396405719,-0.4
-0.39,0.08,51.0,1.0,1.0,333.1847261735716,457.1260396405719,-0.39
-0.38,0.08,51.0,1.0,1.0,333.4856696432248,457.1260396405719,-0.38
-0.37,0.08,51.0,1.0,1.0,333.48566964322487,457.1260396405719,-0.37
-0.36,0.08,51.0,1.0,1.0,333.48566964322487,457.1260396405719,-0.36
-0.35,0.08,51.0,1.0,1.0,333.48566964322487,457.1260396405719,-0.35
-0.34,0.08,51.0,1.0,1.0,333.4856696432248,457.1260396405719,-0.34
-0.33,0.08,51.0,1.0,1.0,333.485669643225,457.1260396405719,-0.33
-0.32,0.08,51.0,1.0,1.0,333.4856696432248,457.1260396405719,-0.32
-0.31,0.08,51.0,1.0,1.0,333.485669643225,457.1260396405719,-0.31
-0.3,0.08,51.0,1.0,1.0,333.48566964322487,457.1260396405719,-0.3
-0.29,0.08,51.0,1.0,1.0,333.48566964322487,457.1260396405719,-0.29
-0.28,0.08,51.0,1.0,1.0,333.48566964322464,457.1260396405719,-0.28
-0.27,0.08,51.0,1.0,1.0,333.48566964322475,457.1260396405719,-0.27
-0.26,0.08,51.0,1.0,1.0,333.4856696432248,457.1260396405719,-0.26
-0.25,0.08,51.0,1.0,1.0,333.48566964322487,457.1260396405719,-0.25
-0.24,0.08,51.0,1.0,1.0,333.48566964322487,457.1260396405719,-0.24
-0.23,0.08,51.0,1.0,1.0,333.4856696432248,457.1260396405719,-0.23
-0.22,0.08,51.0,1.0,1.0,333.4856696432249,457.1260396405719,-0.22
-0.21,0.08,51.0,1.0,1.0,333.4856696432249,457.1260396405719,-0.21
-0.2,0.08,51.0,1.0,1.0,333.4856696432248,457.1260396405719,-0.2
-0.19,0.08,51.0,1.0,1.0,333.48566964322475,457.1260396405719,-0.19
-0.18,0.08,51.0,1.0,1.0,333.48566964322464,457.1260396405719,-0.18
-0.17,0.08,51.0,1.0,1.0,333.4856696432249,457.1260396405719,-0.17
-0.16,0.08,51.0,1.0,1.0,333.48566964322487,457.1260396405719,-0.16
-0.15,0.08,51.0,1.0,1.0,333.48566964322475,457.1260396405719,-0.15
-0.14,0.08,51.0,1.0,1.0,333.485669643225,457.1260396405719,-0.14
-0.13,0.08,51.0,1.0,1.0,333.4856696432248,457.1260396405719,-0.13
-0.12,0.08,51.0,1.0,1.0,333.485669643225,457.1260396405719,-0.12
-0.11,0.08,51.0,1.0,1.0,333.48566964322487,457.1260396405719,-0.11
-0.1,0.08,51.0,1.0,1.0,333.48566964322475,457.1260396405719,-0.1
-0.09,0.08,51.0,1.0,1.0,333.48566964322464,457.1260396405719,-0.09
-0.08,0.08,51.0,1.0,1.0,333.4856696432249,457.1260396405719,-0.08
-0.07,0.08,51.0,1.0,1.0,333.48566964322464,457.1260396405719,-0.07
-0.06,0.08,51.0,1.0,1.0,333.48566964322475,457.1260396405719,-0.06
-0.05,0.08,51.0,1.0,1.0,333.48566964322487,457.1260396405719,-0.05
-0.04,0.08,51.0,1.0,1.0,333.485669643225,457.1260396405719,-0.04
-0.03,0.08,51.0,1.0,1.0,333.48566964322487,457.1260396405719,-0.03
-0.02,0.08,51.0,1.0,1.0,333.48566964322487,457.1260396405719,-0.02
-0.01,0.08,51.0,1.0,1.0,333.4856696432248,457.1260396405719,-0.01
0.0,0.08,51.0,1.0,1.0,333.48566964322487,457.1260396405719,0.0
-1.0,0.09,49.6576310623422,0.9736790404380823,0.5386514482199504,132.28486900816463,565.7175472262718,-1.0
-0.99,0.09,49.688828890323705,0.9742907625553667,0.5489056355051346,170.62784386751497,586.9072697771904,-0.99
-0.98,0.09,49.71998887459489,0.9749017426391154,0.5591598227903188,165.19792321379293,540.1006704978463,-0.98
-0.97,0.09,49.751111117261566,0.9755119826914033,0.5694140100755032,137.1289040782861,561.8974798623303,-0.97
-0.96,0.09,49.78219571996917,0.9761214847052778,0.5796681973606875,142.7003036877538,550.5085842086586,-0.96
-0.95,0.09,49.8132427838823,0.9767302506643588,0.5899223846458718,167.09803341225364,531.4960987470649,-0.95
-0.94,0.09,49.84425240965909,0.9773382825423351,0.6001765719310559,170.8775334096728,499.48647411977544,-0.94
-0.93,0.09,49.87522469741886,0.9779455823023305,0.6104307592162403,168.30792546646026,524.4842689544344,-0.93
-0.92,0.09,49.906159746701945,0.9785521518961166,0.6206849465014246,178.78703229917352,500.8937544304899,-0.92
-0.91,0.09,49.93705765641955,0.9791579932631284,0.6309391337866086,192.40644325226023,462.21336876920924,-0.91
-0.9,0.09,49.96791852479156,0.9797631083292462,0.6411933210717932,200.244009756741,518.0258030329898,-0.9
-0.89,0.09,49.99874244926941,0.9803674990052825,0.6514475083569771,218.26455571614096,448.4125542725911,-0.89
-0.88,0.09,50.0295295264408,0.9809711671851137,0.6617016956421616,208.3910870982122,495.0125235539401,-0.88
-0.87,0.09,50.060279851912036,0.9815741147433732,0.6719558829273455,212.89611245679907,451.63361064053896,-0.87
-0.86,0.09,50.09099352016311,0.98217634353261,0.6822100702125302,220.6751866143396,457.53517020230566,-0.86
-0.85,0.09,50.121670624369486,0.9827778553797938,0.6924642574977141,229.28615175341525,454.0174277423643,-0.85
-0.84,0.09,50.15231125618326,0.9833786520820247,0.7027184447828986,233.49029047607848,454.70927445519845,-0.84
-0.83,0.09,50.1829155054649,0.9839787354012725,0.7129726320680827,237.3342836807714,455.4991312778463,-0.83
-0.82,0.09,50.213483459955015,0.9845781070579415,0.7232268193532674,247.15880745496972,455.8245552146604,-0.82
-0.81,0.09,50.24401520487329,0.9851767687230057,0.7334810066384514,255.97936016148438,455.9182733854744,-0.81
-0.8,0.09,50.274510822429505,0.9857747220084216,0.7437351939236357,267.734672079946,455.99316102193245,-0.8
-0.79,0.09,50.30497039122805,0.986371968455452,0.7539893812088198,271.1151093128357,456.03093878661696,-0.79
-0.78,0.09,50.33539398554481,0.9869685095204865,0.7642435684940041,278.0802638461284,456.05344717784897,-0.78
-0.77,0.09,50.36578167445016,0.9875643465578463,0.7744977557791882,275.4938826626944,456.066664936537,-0.77
-0.76,0.09,50.39613352074827,0.9881594807989857,0.7847519430643726,277.57512805485084,456.07425510965527,-0.76
-0.75,0.09,50.426449579697035,0.9887539133273928,0.7950061303495569,282.7893151412067,456.078514166282,-0.75
-0.74,0.09,50.456729897467525,0.9893476450483828,0.8052603176347412,286.10943976464216,456.0808369247325,-0.74
-0.73,0.09,50.4869745092953,0.989940676652849,0.8155145049199254,287.81535588326034,456.08206562193243,-0.73
-0.72,0.09,50.51718343726934,0.9905330085739086,0.8257686922051098,290.9158918018695,456.08270536191543,-0.72
-0.71,0.09,50.547356687697146,0.9911246409352381,0.8360228794902941,291.5646622192731,456.0830319383056,-0.71
-0.7,0.09,50.57749424797802,0.991715573489765,0.8462770667754781,292.77216791391874,456.08319468105185,-0.7
-0.69,0.09,50.607596082910334,0.9923058055472614,0.8565312540606627,295.2389590559274,456.08327380018943,-0.69
-0.68,0.09,50.637662130354855,0.9928953358893109,0.8667854413458463,296.92458194216204,456.08331130105046,-0.68
-0.67,0.09,50.667732830169484,0.9934849574543037,0.8770396286310308,297.14075959971336,456.0833286169345,-0.67
-0.66,0.09,50.69777769900093,0.99407407252943,0.8872938159162148,298.8124170839698,456.0833363991538,-0.66
-0.65,0.09,50.72778422990712,0.9946624358805318,0.8975480032013994,301.31086070063276,456.0833397999221,-0.65
-0.64,0.09,50.75775206130231,0.9952500404176924,0.9078021904865837,320.4672151238271,456.0833412432753,-0.64
-0.63,0.09,50.787680823522116,0.9958368788925905,0.9180563777717682,325.30583570831294,456.08334183749685,-0.63
-0.62,0.09,50.81757009590123,0.996422943056887,0.9283105650569521,325.57861951494493,456.0833420744837,-0.62
-0.61,0.09,50.84741930900083,0.9970082217451143,0.9385647523421369,325.8526888322021,456.08334216591436,-0.61
-0.6,0.09,50.877227489240234,0.9975926958674556,0.9488189396273206,326.12796793969113,456.0833421999784,-0.6
-0.59,0.09,50.90699256707285,0.9981763248445656,0.9590731269125053,326.4043661372846,456.08334221216967,-0.59
-0.58,0.09,50.93670960083283,0.9987590117810359,0.969327314197689,326.6817410251122,456.08334221622755,-0.58
-0.57,0.09,50.966367251159596,0.9993405343364626,0.9795815014828736,326.95982202106325,456.083342217282,-0.57
-0.56,0.09,50.98983568876805,0.9998006997797657,0.9898356887680577,327.2384814624947,456.08334221740137,-0.56
-0.55,0.09,51.0,1.0,1.0,327.51804802364137,456.08334221740324,-0.55
-0.54,0.09,51.0,1.0,1.0,327.79859141913255,456.08334221740324,-0.54
-0.53,0.09,51.0,1.0,1.0,328.08120004618183,456.08334221740324,-0.53
-0.52,0.09,51.0,1.0,1.0,328.3649014758486,456.08334221740324,-0.52
-0.51,0.09,51.0,1.0,1.0,328.6486193582643,456.08334221740324,-0.51
-0.5,0.09,51.0,1.0,1.0,328.93433241202825,456.08334221740324,-0.5
-0.49,0.09,51.0,1.0,1.0,329.2210566782389,456.08334221740324,-0.49
-0.48,0.09,51.0,1.0,1.0,329.5087963539281,456.08334221740324,-0.48
-0.47,0.09,51.0,1.0,1.0,329.79652603115386,456.08334221740324,-0.47
-0.46,0.09,51.0,1.0,1.0,330.0864134723534,456.08334221740324,-0.46
-0.45,0.09,51.0,1.0,1.0,330.37747109858145,456.08334221740324,-0.45
-0.44,0.09,51.0,1.0,1.0,330.66912563543946,456.08334221740324,-0.44
-0.43,0.09,51.0,1.0,1.0,330.9628773406097,456.08334221740324,-0.43
-0.42,0.09,51.0,1.0,1.0,331.25817538328766,456.08334221740324,-0.42
-0.41,0.09,51.0,1.0,1.0,331.5552095403844,456.08334221740324,-0.41
-0.4,0.09,51.0,1.0,1.0,331.8541514555789,456.08334221740324,-0.4
-0.39,0.09,51.0,1.0,1.0,332.15544802116113,456.08334221740324,-0.39
-0.38,0.09,51.0,1.0,1.0,332.4593392452354,456.08334221740324,-0.38
-0.37,0.09,51.0,1.0,1.0,332.7662445011048,456.08334221740324,-0.37
-0.36,0.09,51.0,1.0,1.0,333.076400989372,456.08334221740324,-0.36
-0.35,0.09,51.0,1.0,1.0,333.39561137102453,456.08334221740324,-0.35
-0.34,0.09,51.0,1.0,1.0,333.4856696432248,456.08334221740324,-0.34
-0.33,0.09,51.0,1.0,1.0,333.485669643225,456.08334221740324,-0.33
-0.32,0.09,51.0,1.0,1.0,333.4856696432248,456.08334221740324,-0.32
-0.31,0.09,51.0,1.0,1.0,333.485669643225,456.08334221740324,-0.31
-0.3,0.09,51.0,1.0,1.0,333.48566964322487,456.08334221740324,-0.3
-0.29,0.09,51.0,1.0,1.0,333.48566964322487,456.08334221740324,-0.29
-0.28,0.09,51.0,1.0,1.0,333.48566964322464,456.08334221740324,-0.28
-0.27,0.09,51.0,1.0,1.0,333.48566964322475,456.08334221740324,-0.27
-0.26,0.09,51.0,1.0,1.0,333.4856696432248,456.08334221740324,-0.26
-0.25,0.09,51.0,1.0,1.0,333.48566964322487,456.08334221740324,-0.25
-0.24,0.09,51.0,1.0,1.0,333.48566964322487,456.08334221740324,-0.24
-0.23,0.09,51.0,1.0,1.0,333.4856696432248,456.08334221740324,-0.23
-0.22,0.09,51.0,1.0,1.0,333.4856696432249,456.08334221740324,-0.22
-0.21,0.09,51.0,1.0,1.0,333.4856696432249,456.08334221740324,-0.21
-0.2,0.09,51.0,1.0,1.0,333.4856696432248,456.08334221740324,-0.2
-0.19,0.09,51.0,1.0,1.0,333.48566964322475,456.08334221740324,-0.19
-0.18,0.09,51.0,1.0,1.0,333.48566964322464,456.08334221740324,-0.18
-0.17,0.09,51.0,1.0,1.0,333.4856696432249,456.08334221740324,-0.17
-0.16,0.09,51.0,1.0,1.0,333.48566964322487,456.08334221740324,-0.16
-0.15,0.09,51.0,1.0,1.0,333.48566964322475,456.08334221740324,-0.15
-0.14,0.09,51.0,1.0,1.0,333.485669643225,456.08334221740324,-0.14
-0.13,0.09,51.0,1.0,1.0,333.4856696432248,456.08334221740324,-0.13
-0.12,0.09,51.0,1.0,1.0,333.485669643225,456.08334221740324,-0.12
-0.11,0.09,51.0,1.0,1.0,333.48566964322487,456.08334221740324,-0.11
-0.1,0.09,51.0,1.0,1.0,333.48566964322475,456.08334221740324,-0.1
-0.09,0.09,51.0,1.0,1.0,333.48566964322464,456.08334221740324,-0.09
-0.08,0.09,51.0,1.0,1.0,333.4856696432249,456.08334221740324,-0.08
-0.07,0.09,51.0,1.0,1.0,333.48566964322464,456.08334221740324,-0.07
-0.06,0.09,51.0,1.0,1.0,333.48566964322475,456.08334221740324,-0.06
-0.05,0.09,51.0,1.0,1.0,333.48566964322487,456.08334221740324,-0.05
-0.04,0.09,51.0,1.0,1.0,333.485669643225,456.08334221740324,-0.04
-0.03,0.09,51.0,1.0,1.0,333.48566964322487,456.08334221740324,-0.03
-0.02,0.09,51.0,1.0,1.0,333.48566964322487,456.08334221740324,-0.02
-0.01,0.09,51.0,1.0,1.0,333.4856696432248,456.08334221740324,-0.01
0.0,0.09,51.0,1.0,1.0,333.48566964322487,456.08334221740324,0.0
-1.0,0.1,49.65364064212787,0.973600796904468,0.5373407642847314,130.63257662094077,579.8270653442939,-1.0
-0.99,0.1,49.68479034434809,0.9742115753793743,0.5475775332910492,167.52810202547042,599.340115764007,-0.99
-0.98,0.1,49.71590231810306,0.9748216140804522,0.557814302297367,167.5824684414645,559.5534996177569,-0.98
-0.97,0.1,49.74697666503759,0.9754309150007371,0.5680510713036847,137.0172648378413,574.8248581182545,-0.97
-0.96,0.1,49.778013486341564,0.9760394801243444,0.5782878403100026,142.37115939431382,564.7250900481728,-0.96
-0.95,0.1,49.80901288273032,0.9766473114260847,0.5885246093163203,166.30604644187517,542.0910680336069,-0.95
-0.94,0.1,49.83997495441987,0.9772544108709779,0.5987613783226382,174.20160097874677,526.0675211794482,-0.94
-0.93,0.1,49.87089980109593,0.9778607804136457,0.608998147328956,190.71515336845306,538.1339066607593,-0.93
-0.92,0.1,49.90178752187518,0.9784664219975525,0.6192349163352737,178.55257584523704,483.17828048205837,-0.92
-0.91,0.1,49.932638215257086,0.9790713375540605,0.6294716853415913,213.1544127859766,460.59517381161595,-0.91
-0.9,0.1,49.96345197906404,0.9796755290012557,0.6397084543479093,201.89330715711955,531.2398377120612,-0.9
-0.89,0.1,49.994228910367184,0.9802789982424938,0.6499452233542268,219.34262953888438,461.3674951368405,-0.89
-0.88,0.1,50.02496910539477,0.9808817471646033,0.6601819923605449,207.10356625828368,474.5377717412952,-0.88
-0.87,0.1,50.055672659418995,0.9814837776356665,0.6704187613668623,215.85693169508426,462.9097694849523,-0.87
-0.86,0.1,50.08633966661668,0.9820850915022878,0.6806555303731804,222.91164821729356,462.4970523589237,-0.86
-0.85,0.1,50.11697021989788,0.9826856905862329,0.6908922993794979,227.6785945294672,465.0860940773422,-0.85
-0.84,0.1,50.14756441069549,0.9832855766803037,0.701129068385816,233.52164400086568,465.8609563827586,-0.84
-0.83,0.1,50.1781223287074,0.9838847515432824,0.7113658373921335,239.73989760524833,466.46521799920646,-0.83
-0.82,0.1,50.20864406158097,0.9844832168937445,0.7216026063984516,247.54776860591045,466.8181761346352,-0.82
-0.81,0.1,50.23912969452754,0.9850809744025009,0.7318393754047692,255.2219358490065,466.93645815368575,-0.81
-0.8,0.1,50.26957930985242,0.9856780256833807,0.7420761444110869,268.4997995670423,467.01247405496406,-0.8
-0.79,0.1,50.29999298638275,0.9862743722820146,0.7523129134174047,270.97818688532584,467.0543287984628,-0.79
-0.78,0.1,50.33037079877232,0.9868700156622023,0.7625496824237223,274.2477453739127,467.07947682319127,-0.78
-0.77,0.1,50.36071281665888,0.9874649571893899,0.7727864514300402,275.44652776617335,467.0943295828053,-0.77
-0.76,0.1,50.391019103644595,0.9880591981106783,0.783023220436358,277.4440170047559,467.10289916565733,-0.76
-0.75,0.1,50.421289716065615,0.9886527395306983,0.793259989442676,285.12484293647617,467.1077289033043,-0.75
-0.74,0.1,50.45152470151105,0.9892455823825695,0.8034967584489938,286.94688149831944,467.1103828319675,-0.74
-0.73,0.1,50.481724097045344,0.989837727393046,0.8137335274553114,287.2702916902454,467.11180081994945,-0.73
-0.72,0.1,50.51188792708156,0.9904291750408148,0.8239702964616292,290.9625505821071,467.11254316505324,-0.72
-0.71,0.1,50.54201620084614,0.9910199255067871,0.8342070654679471,290.69634523250045,467.1129239712782,-0.71
-0.7,0.1,50.5721089093689,0.9916099786150765,0.8444438344742645,291.7424618607565,467.1131146976881,-0.7
-0.69,0.1,50.60216602192613,0.9921993337632574,0.8546806034805826,294.0189506657251,467.1132079067469,-0.69
-0.68,0.1,50.63218748185996,0.9927879898403913,0.8649173724869,297.00974676374653,467.11325232613626,-0.68
-0.67,0.1,50.662219855469246,0.9933768599111616,0.875154141493218,296.17229890177475,467.1132729527659,-0.67
-0.66,0.1,50.69222077631057,0.9939651132609916,0.8853909104995357,299.75136629631095,467.11328227773214,-0.66
-0.65,0.1,50.7221834792331,0.9945526172398648,0.8956276795058539,300.16276469637137,467.113286377885,-0.65
-0.64,0.1,50.752107610519886,0.9951393649121546,0.9058644485121712,315.3277924490193,467.1132881293646,-0.64
-0.63,0.1,50.781992813158425,0.9957253492776161,0.9161012175184895,325.2429308982882,467.1132888553562,-0.63
-0.62,0.1,50.81183868938318,0.9963105625369251,0.9263379865248067,325.5154107232721,467.11328914697054,-0.62
-0.61,0.1,50.84164471873605,0.9968949944850206,0.936574755531125,325.78917940626775,467.1132892603251,-0.61
-0.6,0.1,50.87141004802116,0.9974786283925718,0.9468115245374423,326.06416415598244,467.1132893028975,-0.6
-0.59,0.1,50.9011329235865,0.9980614298742452,0.9570482935437605,326.3402811902859,467.11328931828336,-0.59
-0.58,0.1,50.93080920727634,0.9986433177897321,0.9672850625500781,326.617403838404,467.11328932350864,-0.58
-0.57,0.1,50.96042917856666,0.9992241015405228,0.977521831556396,326.89528247895163,467.1132893249648,-0.57
-0.56,0.1,50.987758600562714,0.9997599725600532,0.9877586005627137,327.1737472624392,467.1132893251673,-0.56
-0.55,0.1,50.99799536956903,0.9999606935209614,0.9979953695690319,327.4529642452655,467.11328932517205,-0.55
-0.54,0.1,51.0,1.0,1.0,327.73305982312985,467.11328932517205,-0.54
-0.53,0.1,51.0,1.0,1.0,328.0153217600909,467.11328932517205,-0.53
-0.52,0.1,51.0,1.0,1.0,328.2987293067948,467.11328932517205,-0.52
-0.51,0.1,51.0,1.0,1.0,328.5821580019314,467.11328932517205,-0.51
-0.5,0.1,51.0,1.0,1.0,328.86756905252844,467.11328932517205,-0.5
-0.49,0.1,51.0,1.0,1.0,329.1539868052857,467.11328932517205,-0.49
-0.48,0.1,51.0,1.0,1.0,329.44141194993523,467.11328932517205,-0.48
-0.47,0.1,51.0,1.0,1.0,329.7288187535824,467.11328932517205,-0.47
-0.46,0.1,51.0,1.0,1.0,330.01835825796655,467.11328932517205,-0.46
-0.45,0.1,51.0,1.0,1.0,330.3090432964135,467.11328932517205,-0.45
-0.44,0.1,51.0,1.0,1.0,330.60029923184544,467.11328932517205,-0.44
-0.43,0.1,51.0,1.0,1.0,330.89361044437396,467.11328932517205,-0.43
-0.42,0.1,51.0,1.0,1.0,331.18842333703606,467.11328932517205,-0.42
-0.41,0.1,51.0,1.0,1.0,331.484917703354,467.11328932517205,-0.41
-0.4,0.1,51.0,1.0,1.0,331.78325190182704,467.11328932517205,-0.4
-0.39,0.1,51.0,1.0,1.0,332.08384839152217,467.11328932517205,-0.39
-0.38,0.1,51.0,1.0,1.0,332.38702721837154,467.11328932517205,-0.38
-0.37,0.1,51.0,1.0,1.0,332.69290799248984,467.11328932517205,-0.37
-0.36,0.1,51.0,1.0,1.0,333.00216073805336,467.11328932517205,-0.36
-0.35,0.1,51.0,1.0,1.0,333.3173340122458,467.11328932517205,-0.35
-0.34,0.1,51.0,1.0,1.0,333.4856696432248,467.11328932517205,-0.34
-0.33,0.1,51.0,1.0,1.0,333.485669643225,467.11328932517205,-0.33
-0.32,0.1,51.0,1.0,1.0,333.4856696432248,467.11328932517205,-0.32
-0.31,0.1,51.0,1.0,1.0,333.485669643225,467.11328932517205,-0.31
-0.3,0.1,51.0,1.0,1.0,333.48566964322487,467.11328932517205,-0.3
-0.29,0.1,51.0,1.0,1.0,333.48566964322487,467.11328932517205,-0.29
-0.28,0.1,51.0,1.0,1.0,333.48566964322464,467.11328932517205,-0.28
-0.27,0.1,51.0,1.0,1.0,333.48566964322475,467.11328932517205,-0.27
-0.26,0.1,51.0,1.0,1.0,333.4856696432248,467.11328932517205,-0.26
-0.25,0.1,51.0,1.0,1.0,333.48566964322487,467.11328932517205,-0.25
-0.24,0.1,51.0,1.0,1.0,333.48566964322487,467.11328932517205,-0.24
-0.23,0.1,51.0,1.0,1.0,333.4856696432248,467.11328932517205,-0.23
-0.22,0.1,51.0,1.0,1.0,333.4856696432249,467.11328932517205,-0.22
-0.21,0.1,51.0,1.0,1.0,333.4856696432249,467.11328932517205,-0.21
-0.2,0.1,51.0,1.0,1.0,333.4856696432248,467.11328932517205,-0.2
-0.19,0.1,51.0,1.0,1.0,333.48566964322475,467.11328932517205,-0.19
-0.18,0.1,51.0,1.0,1.0,333.48566964322464,467.11328932517205,-0.18
-0.17,0.1,51.0,1.0,1.0,333.4856696432249,467.11328932517205,-0.17
-0.16,0.1,51.0,1.0,1.0,333.48566964322487,467.11328932517205,-0.16
-0.15,0.1,51.0,1.0,1.0,333.48566964322475,467.11328932517205,-0.15
-0.14,0.1,51.0,1.0,1.0,333.485669643225,467.11328932517205,-0.14
-0.13,0.1,51.0,1.0,1.0,333.4856696432248,467.11328932517205,-0.13
-0.12,0.1,51.0,1.0,1.0,333.485669643225,467.11328932517205,-0.12
-0.11,0.1,51.0,1.0,1.0,333.48566964322487,467.11328932517205,-0.11
-0.1,0.1,51.0,1.0,1.0,333.48566964322475,467.11328932517205,-0.1
-0.09,0.1,51.0,1.0,1.0,333.48566964322464,467.11328932517205,-0.09
-0.08,0.1,51.0,1.0,1.0,333.4856696432249,467.11328932517205,-0.08
-0.07,0.1,51.0,1.0,1.0,333.48566964322464,467.11328932517205,-0.07
-0.06,0.1,51.0,1.0,1.0,333.48566964322475,467.11328932517205,-0.06
-0.05,0.1,51.0,1.0,1.0,333.48566964322487,467.11328932517205,-0.05
-0.04,0.1,51.0,1.0,1.0,333.485669643225,467.11328932517205,-0.04
-0.03,0.1,51.0,1.0,1.0,333.48566964322487,467.11328932517205,-0.03
-0.02,0.1,51.0,1.0,1.0,333.48566964322487,467.11328932517205,-0.02
-0.01,0.1,51.0,1.0,1.0,333.4856696432248,467.11328932517205,-0.01
0.0,0.1,51.0,1.0,1.0,333.48566964322487,467.11328932517205,0.0
