MagCAPShock,ProjYears,reliab_total,reliab_avg,reliab_min,d_end,π_end,Δμ_pc
-1.0,0.0,50.34181348420486,0.9870943820432326,0.7554951617538803,183.81583195894797,563.7734479747902,-1.0
-0.99,0.0,50.34980143135847,0.9872510084580093,0.7581977412317418,184.2163554388103,562.5583902510745,-0.99
-0.98,0.0,50.357663650739326,0.9874051696223397,0.7608954724286348,184.53220009599514,561.3746287182669,-0.98
-0.97,0.0,50.3653336830462,0.9875555624126706,0.7635883629367248,184.71268883937813,560.2416324054857,-0.97
-0.96,0.0,50.37270547527544,0.9877001073583419,0.766276419990151,184.67661650940727,559.192346923553,-0.96
-0.95,0.0,50.37961165477645,0.9878355226426754,0.7689596504320735,184.29361012104965,558.2850641548536,-0.95
-0.94,0.0,50.38579193538373,0.9879567046153672,0.7716380606730955,183.35363794725401,557.629200038103,-0.94
-0.93,0.0,50.38933201393525,0.988026117920299,0.7743116566391697,181.38408041444035,557.4447565138133,-0.93
-0.92,0.0,50.381309002248855,0.9878688039656638,0.7769804437044604,178.0543911779669,558.1992457558666,-0.92
-0.91,0.0,50.36470728081167,0.9875432800159152,0.7796444266045778,172.92328704656288,560.8870799805198,-0.91
-0.9,0.0,50.33589701022856,0.9869783727495796,0.7823036093225942,177.53967109095478,568.748221851048,-0.9
-0.89,0.0,50.290895521326405,0.9860959906142432,0.7849579949384439,177.31452818009848,591.6194977113166,-0.89
-0.88,0.0,50.28424847983373,0.985965656467328,0.7809760329721526,176.94430386928013,591.9554694146927,-0.88
-0.87,0.0,50.351869928328824,0.9872915672221338,0.7560606166794315,199.9606520050276,576.6614013041182,-0.87
-0.86,0.0,50.327580083402,0.9868152957529803,0.7262829657326305,197.1762331169135,576.2987594651618,-0.86
-0.85,0.0,50.30116555009738,0.9862973637273996,0.6943854254086859,193.14121425014642,575.2825897289722,-0.85
-0.84,0.0,50.27618249368112,0.9858074998761004,0.6639241672043958,189.26518514166517,573.2332222346904,-0.84
-0.83,0.0,50.24354262836923,0.9851675025170437,0.6379411430630392,179.92182404127385,573.1770526873894,-0.83
-0.82,0.0,50.20721458164474,0.9844551878753871,0.6180031168193671,171.208775785047,573.121497067068,-0.82
-0.81,0.0,50.18134439205561,0.9839479292559923,0.6041551916866619,165.11053125940563,573.185741243462,-0.81
-0.8,0.0,50.17273889834593,0.9837791940852144,0.5954959762030901,162.52332356907291,573.3516421325812,-0.8
-0.79,0.0,50.1777668928109,0.9838777822119784,0.5908094369219539,162.5978666114588,573.6432080419587,-0.79
-0.78,0.0,50.18165813971704,0.9839540811709223,0.5889595992435291,162.66224221950552,573.8116579158985,-0.78
-0.77,0.0,50.18476770552373,0.984015053049485,0.589044783476654,162.71953563539483,573.8722875684392,-0.77
-0.76,0.0,50.187371786755556,0.9840661134657952,0.5904105833931189,162.7727822301384,573.8695702079477,-0.76
-0.75,0.0,50.189664945341214,0.9841110773596317,0.5926065330790604,162.82424011914824,573.8533193203191,-0.75
-0.74,0.0,50.19177644898361,0.9841524793918355,0.5953323447860152,162.8753457707334,573.8821917060164,-0.74
-0.73,0.0,50.19378921664723,0.9841919454244555,0.5983916955583344,162.9269118634174,574.0264022240397,-0.73
-0.72,0.0,50.19496899305673,0.98421507829523,0.6014133766135877,162.9784941475017,573.8869638338817,-0.72
-0.71,0.0,50.19447524234097,0.9842053969086465,0.6040363680797383,163.0297373617179,573.1527507093181,-0.71
-0.7,0.0,50.19459499659658,0.9842077450313055,0.6067339497643186,163.17450729126,573.0284580053462,-0.7
-0.69,0.0,50.20008607061427,0.9843154131492994,0.6094713363451814,164.29029425627198,572.8226808731794,-0.69
-0.68,0.0,50.20564610036781,0.9844244333405453,0.6122252220592884,165.4169276568055,572.9082604253855,-0.68
-0.67,0.0,50.211241018895876,0.9845341376254093,0.6149790799902298,166.54780509247897,573.2521411174382,-0.67
-0.66,0.0,50.21684398357475,0.9846439996779363,0.6177199992695278,167.67777457274414,573.8090622250033,-0.66
-0.65,0.0,50.222430804032236,0.9847535451771027,0.6204364410929076,168.80224218318102,574.5282645867568,-0.65
-0.64,0.0,50.22797636964505,0.984862281757746,0.623116491637399,169.91647656317684,575.3595270121591,-0.64
-0.63,0.0,50.23345145972098,0.9849696364651173,0.6257463115007746,171.01499096025307,576.2574000736956,-0.63
-0.62,0.0,50.238819455847874,0.9850748912911348,0.6283085493194323,172.09091038039503,577.183341882913,-0.62
-0.61,0.0,50.244032532693566,0.9851771084841876,0.6307805169856335,173.13524300340853,578.1060599206846,-0.61
-0.6,0.0,50.24902689916483,0.9852750372385262,0.6331319250628756,173.82851159687158,579.0008853376629,-0.6
-0.59,0.0,50.25371660635398,0.9853669922814506,0.6353219554991141,174.36652370402953,579.8474271356927,-0.59
-0.58,0.0,50.25798533672002,0.9854506928768632,0.6372954084977406,174.79396187845668,580.6283037454459,-0.58
-0.57,0.0,50.261675442728546,0.9855230478966381,0.6389776054736941,175.08601180666238,581.3271132799189,-0.57
-0.56,0.0,50.264573316922736,0.9855798689592693,0.6402676675322871,175.209457720259,581.9265470683301,-0.56
-0.55,0.0,50.266389962298305,0.9856154894568295,0.6410297338564763,175.12134944299063,582.4069187247794,-0.55
-0.54,0.0,50.266735426893405,0.9856222632724198,0.6410816678159037,174.7712494197294,582.7458971054574,-0.54
-0.53,0.0,50.2650856502126,0.985589914710051,0.6401808814249325,174.12071734077458,582.9232292297802,-0.53
-0.52,0.0,50.26074041416568,0.9855047140032487,0.6380072058032064,173.25179117928928,582.9509777780854,-0.52
-0.51,0.0,50.25277187409674,0.9853484681195439,0.6341434664866581,172.9706748528453,583.0678922108121,-0.51
-0.5,0.0,50.23996560221466,0.9850973647493071,0.6280561180900978,173.03257281337537,585.0095664818516,-0.5
-0.49,0.0,50.22076547344622,0.9847208916362004,0.6190834676622958,169.60660573063822,591.7183976833027,-0.49
-0.48,0.0,50.19330504606188,0.9841824518835662,0.6064736577790791,164.77288611901216,593.3336691605197,-0.48
-0.47,0.0,50.186929290971946,0.9840574370778813,0.5900448408080847,164.50100529111018,585.4440952453131,-0.47
-0.46,0.0,50.18130127718797,0.9839470838664308,0.5862326549570583,164.56740531923762,584.1527658258342,-0.46
-0.45,0.0,50.53985376468846,0.9909775247978129,0.791693408172531,197.98796366211312,563.6066381555663,-0.45
-0.44,0.0,50.46151499961759,0.9894414705807371,0.8044196786726655,189.34452434569778,587.3335684742707,-0.44
-0.43,0.0,50.36949437556259,0.9876371446188743,0.7819350450443737,184.25008407168718,603.3643067345935,-0.43
-0.42,0.0,50.27551239863532,0.9857943607575553,0.7558903048938375,175.45220752088034,614.873152326425,-0.42
-0.41,0.0,50.404409492962486,0.9883217547639703,0.7271246992236862,194.22625399078862,576.8453247359154,-0.41
-0.4,0.0,50.331090369823464,0.9868841248984993,0.6954754982279105,189.86233336297954,575.1861996258785,-0.4
-0.39,0.0,50.220484951812026,0.9847153912120005,0.6506456431359353,185.6502842787542,576.3687124265153,-0.39
-0.38,0.0,50.14880616195577,0.9833099247442307,0.6155003699490893,175.3071173316183,574.7683921011934,-0.38
-0.37,0.0,50.106711926575954,0.9824845475799207,0.5921542322371044,164.25546505780233,576.3753674178198,-0.37
-0.36,0.0,50.097255325515604,0.9822991240297178,0.5909754401186071,158.9109317106148,576.9896341567741,-0.36
-0.35,0.0,50.099702123680075,0.9823471004643152,0.573052394441278,156.58581962038377,577.1571833616332,-0.35
-0.34,0.0,50.09506511000072,0.9822561786274651,0.5589733088692229,155.43179084277688,573.9611973303961,-0.34
-0.33,0.0,50.084996400826526,0.9820587529573829,0.5483602737623021,155.188504921969,567.6956451300654,-0.33
-0.32,0.0,50.07689006370041,0.9818998051705963,0.5407063942384364,154.98206263452886,563.0264256144065,-0.32
-0.31,0.0,50.0703418032962,0.9817714079077686,0.5354783189268006,154.80422207611215,559.6518523603938,-0.31
-0.3,0.0,50.06499857571771,0.981666638739563,0.5321794103124027,154.6481667955723,557.3072585221643,-0.3
-0.29,0.0,50.060568719059276,0.9815797788050838,0.5303803237640522,154.50846976702783,555.7693646425085,-0.29
-0.28,0.0,50.056820147626965,0.9815062774044503,0.5297276574457949,154.38092070941974,554.8555102683,-0.28
-0.27,0.0,50.0535729352404,0.9814426065733413,0.529940180463222,154.26231141914198,554.419941213534,-0.27
-0.26,0.0,50.05069014315235,0.9813860812382814,0.5307993565738586,154.15022790804113,554.3486184583027,-0.26
-0.25,0.0,50.048068920320645,0.9813346847121696,0.5321382283949988,154.04287004000435,554.5536104420526,-0.25
-0.24,0.0,50.04563275877585,0.9812869168387423,0.5338307945933675,153.9389041912613,554.9677553549916,-0.24
-0.23,0.0,50.04332515247951,0.981241669656461,0.5357828018525661,153.8373472499222,555.5399442815127,-0.23
-0.22,0.0,50.041104597977274,0.9811981293721034,0.5379241988219474,153.7374774560732,556.2311319258007,-0.22
-0.21,0.0,50.038940749756684,0.9811557009756212,0.5402031671439038,153.63876697875256,557.0110425331129,-0.21
-0.2,0.0,50.03681151339146,0.9811139512429699,0.5425815096719098,153.54083150874408,557.8554963574361,-0.2
-0.19,0.0,50.0347008737526,0.9810725661520118,0.5450311442625158,153.44339288279153,558.7443385030649,-0.19
-0.18,0.0,50.03259728624066,0.9810313193380521,0.5475314680113436,153.34625154261468,559.6601344143515,-0.18
-0.17,0.0,50.03049249259912,0.9809900488744926,0.5500673916544108,153.24926634195,560.5881222612752,-0.17
-0.16,0.0,50.02838065348884,0.980948640264487,0.5526278821568552,153.15233980564886,561.5182045842246,-0.16
-0.15,0.0,49.956713929463604,0.9795434103816393,0.5996646246720695,159.62847777612194,588.3921424155367,-0.15
-0.14,0.0,50.24741028109035,0.9852433388449089,0.7216960421839277,190.3336351009618,580.7613841228973,-0.14
-0.13,0.0,50.33231005054539,0.9869080402067724,0.6544108803885439,189.02381912809597,574.559200222331,-0.13
-0.12,0.0,50.14418977300507,0.9832194073138248,0.5631782145712658,167.4113841691065,574.3558516516949,-0.12
-0.11,0.0,50.110634139542256,0.9825614537165148,0.6639772852336827,184.3496105834069,595.1385572115693,-0.11
-0.1,0.0,50.41851015327072,0.9885982382994258,0.7969691669699708,199.2915285117581,556.2638089477582,-0.1
-0.09,0.0,50.55259532224467,0.9912273592596994,0.7535309998332737,209.5936172245516,538.7855573594162,-0.09
-0.08,0.0,50.14829433463137,0.9832998889143406,0.620708026240149,185.8352034502091,574.7933101094894,-0.08
-0.07,0.0,50.411675108028206,0.9884642178044746,0.7536472766467247,207.83833221662348,540.327112549668,-0.07
-0.06,0.0,50.50616554774111,0.9903169715243355,0.7633721884369002,216.21277439796967,539.9186434526874,-0.06
-0.05,0.0,50.2099104589408,0.9845080482145254,0.6153042321834244,194.94326696196956,575.9397865582342,-0.05
-0.04,0.0,50.43613968081612,0.9889439153101199,0.7524898189246966,213.47837828368952,525.8138069742578,-0.04
-0.03,0.0,50.58097005509849,0.9917837265705586,0.8071859320556125,226.28649014938054,511.4750216656131,-0.03
-0.02,0.0,50.3075120956201,0.9864218057964725,0.6515539819539955,206.5297652264124,561.5049916111623,-0.02
-0.01,0.0,50.348202114755644,0.9872196493089342,0.7553601299096916,213.10387847319666,553.2738681570953,-0.01
0.0,0.0,50.76308790023359,0.9953546647104626,0.876533562761503,232.63902759618952,464.51096226499897,0.0
-1.0,1.0,50.81103366489695,0.9962947777430774,0.8351291081180401,183.89714868050305,572.0990042851331,-1.0
-0.99,1.0,50.76454021183911,0.9953831414086101,0.8140483676785331,190.01102912472203,580.0382975833182,-0.99
-0.98,1.0,50.713266362067586,0.9943777718052468,0.7909411054991521,184.97398876217974,589.0149686688794,-0.98
-0.97,1.0,50.65847389389913,0.9933034096842966,0.7664229215570528,174.8872627288549,598.5380829873836,-0.97
-0.96,1.0,50.60506650140891,0.9922562059099787,0.7412696715622871,172.78764834860706,604.9090264943104,-0.96
-0.95,1.0,50.56959061437804,0.9915606002819224,0.716333743867326,199.6395962178447,607.1498203035245,-0.95
-0.94,1.0,50.53181239944439,0.9908198509694979,0.6924416666850208,193.0496659441745,607.1377282287376,-0.94
-0.93,1.0,50.49372446245534,0.9900730286755949,0.6702982538626249,187.5097222050358,607.1108685384156,-0.93
-0.92,1.0,50.46202377801253,0.9894514466276967,0.6504197586306275,183.30911936717362,607.0760044170179,-0.92
-0.91,1.0,50.456854367788516,0.989350085642912,0.6331072644298361,181.52559750169561,607.035287704619,-0.91
-0.9,1.0,50.45288361982564,0.9892722278397185,0.6184580395215594,180.01538076160298,606.9938875977222,-0.9
-0.89,1.0,50.44990174198633,0.9892137596467908,0.6064030652825307,178.77730761527752,606.9519548448058,-0.89
-0.88,1.0,50.44769942558743,0.9891705769723026,0.596756039001452,177.79625458046436,606.909611947754,-0.88
-0.87,1.0,50.446091596617194,0.9891390509140626,0.5892616043286824,177.04818245736217,606.8669551420668,-0.87
-0.86,1.0,50.44219023846743,0.9890625536954398,0.5833827322972917,176.76881466354055,606.2664823857517,-0.86
-0.85,1.0,50.43614250719489,0.9889439707293115,0.5788473558727532,176.91094801784328,605.128059558272,-0.85
-0.84,1.0,50.43032693448905,0.9888299398919422,0.5756375420713105,177.20008569505694,603.9878115394399,-0.84
-0.83,1.0,50.4247176373999,0.9887199536745078,0.5735137615993862,177.6086543108585,602.8457456965658,-0.83
-0.82,1.0,50.41929704393493,0.988613667528136,0.5722694485167453,178.11284225114244,601.7018642567183,-0.82
-0.81,1.0,50.41405228577755,0.9885108291328931,0.5717307157685741,178.692624808378,600.5561663886219,-0.81
-0.8,1.0,50.40897298667667,0.988411235032876,0.5717538180317273,179.3314950436365,599.4086498319858,-0.8
-0.79,1.0,50.40405004686832,0.9883147068013396,0.5722215541625937,180.0160516007119,598.2593121935953,-0.79
-0.78,1.0,50.399275057946475,0.988221079567578,0.5730393689093016,180.73554137667455,597.1081520025703,-0.78
-0.77,1.0,50.394640075289516,0.9881301975546964,0.5741315945491331,181.4814145162192,595.9551695948298,-0.77
-0.76,1.0,50.39013756881647,0.9880419131140484,0.5754380572837186,182.24692140661216,594.8003678772054,-0.76
-0.75,1.0,50.38576044606401,0.9879560871777258,0.5769111374671616,183.0267637222592,593.6437530068358,-0.75
-0.74,1.0,50.38150209136938,0.9878725900268506,0.5785132935054442,183.81680123997953,592.4853350117816,-0.74
-0.73,1.0,50.377356395528835,0.9877913018731144,0.580215017263457,184.61381066727617,591.3251283702243,-0.73
-0.72,1.0,50.37331776741631,0.9877121130865943,0.5819931699303884,185.41529026201664,590.1631525607967,-0.72
-0.71,1.0,50.36938112761119,0.9876349240708077,0.5838296419149747,186.21930331640363,588.9994325923391,-0.71
-0.7,1.0,50.36554188766759,0.9875596448562273,0.5857102822779171,187.02435381858461,587.8339995180479,-0.7
-0.69,1.0,50.36179591957955,0.9874861945015598,0.5876240486604482,187.82928829457308,586.666890937167,-0.69
-0.68,1.0,50.35813951964913,0.987414500385277,0.5895623354151472,188.3275073612418,585.4981666146163,-0.68
-0.67,1.0,50.35456937012979,0.9873444974535253,0.5915184444714923,188.68321919858374,584.3278708472201,-0.67
-0.66,1.0,50.351082501102624,0.9872761274726005,0.5934871697585206,188.78142229158567,583.156068814752,-0.66
-0.65,1.0,50.34767625421917,0.9872093383180228,0.595464471514245,188.4939249313304,581.9828332059162,-0.65
-0.64,1.0,50.34434824929057,0.9871440833194229,0.5974472214658278,188.06251509016786,580.8082283419293,-0.64
-0.63,1.0,50.341096354206556,0.9870803206707168,0.599433003722473,187.53046982840476,579.6323379964176,-0.63
-0.62,1.0,50.337918658326586,0.9870180129083644,0.601419959360642,186.93484715106283,578.4552564508331,-0.62
-0.61,1.0,50.33481344925327,0.9869571264559465,0.6034066652135953,186.304892066215,577.2757402107844,-0.61
-0.6,1.0,50.33177919275877,0.9868976312305642,0.6053920393967266,185.66211613728612,576.0851415310271,-0.6
-0.59,1.0,50.328814515557916,0.9868395003050572,0.607375267706504,185.02132347976604,574.887480298076,-0.59
-0.58,1.0,50.325918190588865,0.9867827096193895,0.6093557462988909,184.39199614133614,573.6801382683225,-0.58
-0.57,1.0,50.32308912445818,0.9867272377344741,0.611333037052109,183.77966847027324,572.4595754048327,-0.57
-0.56,1.0,50.32032634672238,0.9866730656220075,0.6133068328041918,183.18710756313772,571.221163201768,-0.56
-0.55,1.0,50.31762900070554,0.9866201764844224,0.6152769302711564,182.61524188446552,569.9590859230257,-0.55
-0.54,1.0,50.31499633558188,0.9865685555996447,0.6172432089339468,182.06384823912137,568.666406398109,-0.54
-0.53,1.0,50.3124276994907,0.9865181901860921,0.619205614560271,181.53203625959105,567.3354581442113,-0.53
-0.52,1.0,50.309922533485555,0.9864690692840304,0.6211641463238763,181.01857620496872,565.9588151866092,-0.52
-0.51,1.0,50.30748036615694,0.986421183650136,0.6231188467156389,180.52211184947447,564.5311944761338,-0.51
-0.5,1.0,50.305100808805435,0.9863745256628517,0.6250697936254502,180.0412924134086,563.0527191429386,-0.5
-0.49,1.0,50.3027835510797,0.9863290892368568,0.6270170941184551,179.5748493175932,561.5339024853449,-0.49
-0.48,1.0,50.300528357033805,0.9862848697457609,0.6289608795464134,179.1216364689045,560.0022918789264,-0.48
-0.47,1.0,50.298335061599204,0.9862418639529256,0.6309013017300513,178.6806472083279,558.5096646725402,-0.47
-0.46,1.0,50.29620356751284,0.9862000699512322,0.6328385300267898,178.25101689610054,557.1369021073019,-0.46
-0.45,1.0,50.2941338427902,0.9861594871135334,0.6347727491661481,177.83201712395532,555.9918355073985,-0.45
-0.44,1.0,50.29212591888676,0.9861201160566031,0.6367041577938133,177.42304545975358,555.1953903549121,-0.44
-0.43,1.0,50.290179889748686,0.9860819586225232,0.6386329677194239,177.02361320402244,554.8556635065462,-0.43
-0.42,1.0,50.28829591201648,0.9860450178826761,0.6405594039124478,176.63333268180338,555.0378489716912,-0.42
-0.41,1.0,50.286474206707666,0.9860092981707386,0.6424837053387069,176.25190496213452,555.7442367326918,-0.41
-0.4,1.0,50.2847150627702,0.9859748051523569,0.6403089359972195,175.87910849054288,556.9152137994581,-0.4
-0.39,1.0,50.283018842953275,0.9859415459402603,0.6366919011898484,175.51478886122348,558.4499075334296,-0.39
-0.38,1.0,50.281390379707915,0.9859096152883905,0.6331419129304959,175.15899716147473,560.2359821505223,-0.38
-0.37,1.0,50.27983103824327,0.9858790399655544,0.6296596819346427,174.81171574579142,562.1693915946738,-0.37
-0.36,1.0,50.27833646295932,0.9858497345678298,0.6262427387518205,174.47277249386687,564.1667877764459,-0.36
-0.35,1.0,50.27689580353789,0.9858214863438802,0.6228851407394471,174.14165336569394,566.1842859399975,-0.35
-0.34,1.0,50.27742951513666,0.9858319512771894,0.6215753632304168,174.4596646835574,568.1420381523558,-0.34
-0.33,1.0,50.278538213389155,0.9858536904586108,0.6208394259133553,174.95414347332652,569.9991528737969,-0.33
-0.32,1.0,50.279690312319374,0.9858762806337132,0.620146433131736,175.45925645357144,571.797227806083,-0.32
-0.31,1.0,50.28088939605489,0.9858997920795076,0.6194986919359873,175.97521562298382,573.531503510111,-0.31
-0.3,1.0,50.282138737630916,0.9859242889731552,0.6188983445418309,176.50221669504683,575.2014650262739,-0.3
-0.29,1.0,50.28344167651248,0.9859498367943624,0.6183475679395936,177.04045410586065,576.80866029168,-0.29
-0.28,1.0,50.28480875809181,0.9859766423155257,0.6178505226618632,177.5912798552519,578.3567341739998,-0.28
-0.27,1.0,50.28624206091003,0.9860047462923535,0.6174093560136252,178.15458190139304,579.8476428875408,-0.27
-0.26,1.0,50.28774090205822,0.9860341353344748,0.61702534990044,178.7297897190315,581.2829253817273,-0.26
-0.25,1.0,50.28455840449117,0.9859717334213955,0.6167012026870694,179.31710336604175,582.664631241552,-0.25
-0.24,1.0,50.28117181499401,0.9859053297057649,0.6164397326310469,179.9167204075965,583.994424875912,-0.24
-0.23,1.0,50.277992874442745,0.985842997538093,0.6162438155543661,180.52883062410066,585.2736224023797,-0.23
-0.22,1.0,50.27503742829315,0.9857850476135912,0.6161163134855211,181.1536112037592,586.5032631781928,-0.22
-0.21,1.0,50.27232116948147,0.9857317876368916,0.6160599889316952,181.79122185906778,587.6842000080824,-0.21
-0.2,1.0,50.26985906811133,0.9856835111394379,0.6160774075881054,182.4418000167905,588.8171960748859,-0.2
-0.19,1.0,50.267665223457,0.9856404945775883,0.616172129662201,183.1074559645387,589.9050971990059,-0.19
-0.18,1.0,50.265753434681656,0.9856030085231697,0.6163454345655941,183.7865607205241,590.9465161567772,-0.18
-0.17,1.0,50.26413286921492,0.9855712327297043,0.6165986341128427,184.4789634782058,591.9422590440315,-0.17
-0.16,1.0,50.26280966031959,0.9855452874572469,0.6169325711487547,185.18468050832777,592.8935688199034,-0.16
-0.15,1.0,50.35873254332405,0.9874261283004716,0.6770914577447562,194.13927299805292,589.0165075826781,-0.15
-0.14,1.0,50.68432297056938,0.9938102543248899,0.8146056389073205,195.1937680715078,564.8387820631996,-0.14
-0.13,1.0,50.822933056390376,0.9965280991449094,0.880554318422311,211.22431103992446,599.5934180883738,-0.13
-0.12,1.0,50.431152990697214,0.9888461370724944,0.6243712156482542,195.58641016966112,587.3321519577736,-0.12
-0.11,1.0,50.385519618046544,0.9879513650597361,0.6843107954248309,214.1334618526757,569.7234682535683,-0.11
-0.1,1.0,50.64279682612552,0.9929960161985396,0.805009985204533,219.38920250446657,539.2384193367499,-0.1
-0.09,1.0,50.828521239085,0.9966376713546078,0.9273910958372171,217.26479509729216,582.2873044213811,-0.09
-0.08,1.0,50.496743346287616,0.9901322224762278,0.6427596376170781,206.73229090232775,591.7410483641936,-0.08
-0.07,1.0,50.489041001325575,0.989981196104423,0.7339200404883004,224.92821327763298,535.4408096141042,-0.07
-0.06,1.0,50.60578039125724,0.992270203750142,0.858292645203584,214.94568805781893,590.030304752624,-0.06
-0.05,1.0,50.96910252420089,0.999394167141194,0.9835466002765234,214.89911585622016,568.4236758159326,-0.05
-0.04,1.0,50.52348690530517,0.9906566059863758,0.6893328518270974,224.0253942108867,570.2282432316691,-0.04
-0.03,1.0,50.56196562830178,0.9914110907510153,0.8052450357063744,220.1269294475942,573.1384856324555,-0.03
-0.02,1.0,50.903550794829044,0.998108839114295,0.9414930323392652,214.3767901048355,545.5023852863184,-0.02
-0.01,1.0,50.598268781542835,0.9921229172851537,0.6926417922458291,216.42211895551188,572.9817735340997,-0.01
0.0,1.0,50.651485354043025,0.9931663794910397,0.8058170557070817,219.21439776031664,557.369282795461,0.0
-1.0,2.0,51.0,1.0,1.0,161.1759679886479,545.9343064026986,-1.0
-0.99,2.0,51.0,1.0,1.0,161.23661798192302,547.4017350200785,-0.99
-0.98,2.0,51.0,1.0,1.0,161.2980446508043,548.6177598767177,-0.98
-0.97,2.0,51.0,1.0,1.0,161.36036745965788,549.5106290324458,-0.97
-0.96,2.0,51.0,1.0,1.0,161.42377176804087,549.988959633571,-0.96
-0.95,2.0,51.0,1.0,1.0,161.48854736457903,549.9337010788468,-0.95
-0.94,2.0,51.0,1.0,1.0,161.5551573238634,549.1883000490525,-0.94
-0.93,2.0,51.0,1.0,1.0,161.62436697764971,547.5500550275545,-0.93
-0.92,2.0,51.0,1.0,1.0,161.69749900111123,544.784064214173,-0.92
-0.91,2.0,51.0,1.0,1.0,161.77697069745224,540.7785034058708,-0.91
-0.9,2.0,51.0,1.0,1.0,161.8675104581219,536.3421024627917,-0.9
-0.89,2.0,51.0,1.0,1.0,161.97914490730005,534.9464507798757,-0.89
-0.88,2.0,51.0,1.0,1.0,162.13518176883048,539.1487066166928,-0.88
-0.87,2.0,51.0,1.0,1.0,162.39485945808096,544.9333657024342,-0.87
-0.86,2.0,51.0,1.0,1.0,162.90930313424246,550.462717688342,-0.86
-0.85,2.0,51.0,1.0,1.0,173.023557506464,555.8777358270366,-0.85
-0.84,2.0,51.0,1.0,1.0,162.29346329299202,568.9271407468285,-0.84
-0.83,2.0,51.0,1.0,1.0,162.21688421160655,569.3214480068617,-0.83
-0.82,2.0,51.0,1.0,1.0,162.29909492534267,571.1215442286153,-0.82
-0.81,2.0,51.0,1.0,1.0,172.58445102860932,582.6466361322268,-0.81
-0.8,2.0,51.0,1.0,1.0,188.97576893085557,599.0936664443952,-0.8
-0.79,2.0,51.0,1.0,1.0,182.93210375481894,603.7755330970875,-0.79
-0.78,2.0,51.0,1.0,1.0,181.9645446416913,600.8443268146514,-0.78
-0.77,2.0,51.0,1.0,1.0,180.92249011391203,597.8362166478099,-0.77
-0.76,2.0,51.0,1.0,1.0,179.8482052046325,594.8555847391509,-0.76
-0.75,2.0,50.98489086237558,0.9997037423995212,0.9848908623755762,178.78884234648257,592.0055521855793,-0.75
-0.74,2.0,50.96084690152697,0.9992322921868033,0.9608469015269703,177.79043475408906,589.3760392651853,-0.74
-0.73,2.0,50.9401376054515,0.9988262275578725,0.9401376054514992,176.89213245259114,587.034682163772,-0.73
-0.72,2.0,50.92277244175776,0.998485734152113,0.9227724417577622,176.12214638062346,585.0223688084375,-0.72
-0.71,2.0,50.90856835631203,0.9982072226727849,0.9085683563120354,175.49616785569097,583.3536321510901,-0.71
-0.7,2.0,50.8972204443027,0.9979847145941705,0.8972204443026974,175.01813929014804,582.0207934011987,-0.7
-0.69,2.0,50.88836451687268,0.9978110689582878,0.8883645168726751,174.68261507279237,581.0000824651806,-0.69
-0.68,2.0,50.88162433233127,0.9976789084770837,0.8816243323312666,174.4777656070859,580.2580370958285,-0.68
-0.67,2.0,50.87664254209158,0.9975812263155212,0.8766425420915805,174.38825556951844,579.757014773435,-0.67
-0.66,2.0,50.87309209608145,0.9975116097270873,0.8730920960814504,174.3987145293495,579.490198517205,-0.66
-0.65,2.0,50.87069950938543,0.9974646962624595,0.8706995093854348,174.4921417853813,579.3984848508094,-0.65
-0.64,2.0,50.86923205599325,0.9974359226665344,0.8692320559932533,174.65354818735503,579.443895964262,-0.64
-0.63,2.0,50.86849670362196,0.9974215039925874,0.8684967036219534,174.87003971915962,579.5996560240206,-0.63
-0.62,2.0,50.86833658118827,0.9974183643370248,0.8683365811882647,175.1306883201188,579.8434264391555,-0.62
-0.61,2.0,50.86862563272847,0.9974240320142836,0.868625632728463,175.42644631186232,580.1569368134831,-0.61
-0.6,2.0,50.86926341842853,0.9974365376162457,0.8692634184285288,175.74995310467799,580.5254695411743,-0.6
-0.59,2.0,50.87017041652826,0.997454321892711,0.8701704165282609,176.0952998122077,580.9373084040851,-0.59
-0.58,2.0,50.871283965082505,0.9974761561780884,0.8712839650825059,176.45779116176308,581.3832137825285,-0.58
-0.57,2.0,50.871734764823124,0.9974849953886887,0.8717347648231262,176.91273247615598,581.8672039104831,-0.57
-0.56,2.0,50.86956842276162,0.997442518093365,0.869568422761615,177.6925436730561,582.496667709823,-0.56
-0.55,2.0,50.86748980868947,0.9974017609546955,0.867489808689466,178.48001960940394,583.1328868284428,-0.55
-0.54,2.0,50.86548194877322,0.9973623911524161,0.8654819487732212,179.2738365870103,583.7734871892507,-0.54
-0.53,2.0,50.86353121948754,0.9973241415585793,0.8635312194875423,180.07293726255276,584.4166013890997,-0.53
-0.52,2.0,50.86162669694088,0.9972867979792329,0.8616266969408828,180.87647832830618,585.0607643762669,-0.52
-0.51,2.0,50.859759630119854,0.9972501888258795,0.8597596301198521,181.68378786589273,585.7048297241797,-0.51
-0.5,2.0,50.85792301573957,0.9972141767792073,0.8579230157395739,182.49433077677617,586.3479027366203,-0.5
-0.49,2.0,50.85254570830809,0.99710873937859,0.8561112559342897,183.30768087689918,586.989287185043,-0.49
-0.48,2.0,50.84502414542341,0.9969612577534002,0.8543198831953259,184.12349844027256,587.6284430123513,-0.48
-0.47,2.0,50.83758205017946,0.9968153343172443,0.852545339712395,184.94151216760125,588.2649528141042,-0.47
-0.46,2.0,50.83021245180174,0.9966708323882695,0.8507848006109368,185.76150472958653,588.8984953180261,-0.46
-0.45,2.0,50.8229097360819,0.9965276418839588,0.8490360325349975,186.58330118600634,589.5288244266341,-0.45
-0.44,2.0,50.8120382919806,0.9963144763133451,0.8456027974339403,187.78229963231195,589.0491376365104,-0.44
-0.43,2.0,50.80152663431596,0.9961083653787444,0.8411933640339331,188.7389043589946,587.8680926323002,-0.43
-0.42,2.0,50.793886453312915,0.9959585579080964,0.8369391336729199,189.17085405073828,586.6851535270346,-0.42
-0.41,2.0,50.787248042698735,0.9958283929940929,0.8328325258505598,189.4375076897258,585.5003388002173,-0.41
-0.4,2.0,50.78147981901461,0.995715290568914,0.828866529182181,189.56140975068112,584.3136910053928,-0.4
-0.39,2.0,50.776447381846715,0.9956166153303277,0.8250346516342769,189.56679575893898,583.1252613199006,-0.39
-0.38,2.0,50.772022696115705,0.9955298567865825,0.8213308763034556,189.47741876135956,581.935110344739,-0.38
-0.37,2.0,50.768090265855086,0.9954527503108841,0.8177496221281781,189.31502824528158,580.7433087988105,-0.37
-0.36,2.0,50.764550398246364,0.9953833411420856,0.8142857089551473,189.09850940020968,579.5499380982338,-0.36
-0.35,2.0,50.76132011779658,0.9953200023097368,0.8109343264307061,188.84356852813627,578.355090835902,-0.35
-0.34,2.0,50.75833244960741,0.9952614205805375,0.8076910062349391,188.5628039057798,577.1588711815685,-0.34
-0.33,2.0,50.75553474498631,0.9952065636271826,0.8045515972281917,188.26600750224202,575.9613952168382,-0.33
-0.32,2.0,50.75288657772325,0.9951546387788873,0.801512243127392,187.96057509927937,574.7627912101981,-0.32
-0.31,2.0,50.75035757273844,0.9951050504458517,0.7985693623748212,187.6519407673022,573.5619484946983,-0.31
-0.3,2.0,50.74792538317432,0.9950573604543984,0.7957196299038859,187.34398543826995,572.3449707805354,-0.3
-0.29,2.0,50.74557392306128,0.9950112533933584,0.7929599605445433,187.03939450685894,571.1194022506035,-0.29
-0.28,2.0,50.74329189029485,0.9949665076528401,0.7902874938470211,186.73995600054474,569.88260695077,-0.28
-0.27,2.0,50.741071571782406,0.9949229719957334,0.787699580134791,186.44680059893716,568.6312621825716,-0.27
-0.26,2.0,50.738907900689256,0.9948805470723383,0.7851937676301596,186.16058970789854,567.3613330034775,-0.26
-0.25,2.0,50.73679772725805,0.9948391711227069,0.7827677905260926,185.88165966994345,566.0681486294624,-0.25
-0.24,2.0,50.73473926406379,0.99479880909929,0.7804195579105906,185.61013032505994,564.7466575068274,-0.24
-0.23,2.0,50.732731670008164,0.994759444509964,0.7781471434819514,185.3459853882423,563.3919707031082,-0.23
-0.22,2.0,50.730774742477,0.994721073381902,0.775948776029703,185.08913101278054,562.0003376965839,-0.22
-0.21,2.0,50.72886869253665,0.9946836998536598,0.7738228306967271,184.83943775661345,560.5707198947764,-0.21
-0.2,2.0,50.7269148988043,0.9946453901726334,0.7716623707610223,184.59553991987457,559.0991689516484,-0.2
-0.19,2.0,50.72490795365694,0.9946060383069988,0.7694612202102494,184.35755075237608,557.5956802725736,-0.19
-0.18,2.0,50.7229615832788,0.9945678741819373,0.7673387413216576,184.12683081717478,556.0971719123426,-0.18
-0.17,2.0,50.72107893056807,0.9945309594229034,0.7652960832543612,183.90327900926854,554.6515153419397,-0.17
-0.16,2.0,50.719261311850005,0.9944953198401961,0.7633326265719228,183.68682049740957,553.3261638238622,-0.16
-0.15,2.0,50.72543367549595,0.994616346578352,0.7759534695489111,184.04522507572,547.821166839925,-0.15
-0.14,2.0,50.8279502677702,0.9966264758386313,0.9026655891587424,187.15388570023035,521.5736117710686,-0.14
-0.13,2.0,51.0,1.0,1.0,175.79461378001938,523.1418294512248,-0.13
-0.12,2.0,50.87079261361224,0.9974665218355341,0.8707926136122335,191.28249350168878,569.4493964525584,-0.12
-0.11,2.0,50.710043978752694,0.9943145878186803,0.8078488712885874,212.5892812656151,557.3358702953859,-0.11
-0.1,2.0,50.763587208702205,0.9953644550725923,0.8570501851343508,208.79372096295714,525.9649534300962,-0.1
-0.09,2.0,50.9926191257776,0.9998552769760314,0.9926191257776027,191.41206361967923,525.9082865513116,-0.09
-0.08,2.0,51.0,1.0,1.0,193.3326487727979,541.5461647000105,-0.08
-0.07,2.0,50.8407162186803,0.9968767886015745,0.8516893935216129,223.59565291779262,560.4490446501557,-0.07
-0.06,2.0,50.852298947254646,0.9971039009265616,0.8779517853989217,214.24536417328287,526.2957277146932,-0.06
-0.05,2.0,51.0,1.0,1.0,203.07133830142806,526.2507694321527,-0.05
-0.04,2.0,50.90248971793393,0.998088033684979,0.9024897179339351,219.3367122974562,570.6651849712246,-0.04
-0.03,2.0,50.8748504292957,0.9975460868489353,0.8748504292956999,228.0913328201721,541.9680774460742,-0.03
-0.02,2.0,50.969064205638645,0.9993934157968362,0.969064205638642,219.98761555809867,526.4342232345595,-0.02
-0.01,2.0,51.0,1.0,1.0,219.7841317234299,522.2929803898232,-0.01
0.0,2.0,50.90570955484018,0.9981511677419643,0.905709554840179,229.41410915623672,552.2058629685941,0.0
-1.0,3.0,51.0,1.0,1.0,161.46434134128313,604.5019889984254,-1.0
-0.99,3.0,51.0,1.0,1.0,161.52409611589027,604.4887315378369,-0.99
-0.98,3.0,51.0,1.0,1.0,161.5838438683961,604.4754563341743,-0.98
-0.97,3.0,51.0,1.0,1.0,161.64358468624252,604.4621633137965,-0.97
-0.96,3.0,51.0,1.0,1.0,161.70331865801916,604.4485717712017,-0.96
-0.95,3.0,51.0,1.0,1.0,161.5867327051874,604.433116689002,-0.95
-0.94,3.0,51.0,1.0,1.0,161.64857093789297,604.417498982381,-0.94
-0.93,3.0,51.0,1.0,1.0,161.71040467243049,604.4017091024641,-0.93
-0.92,3.0,51.0,1.0,1.0,161.7722339484327,604.3857367953556,-0.92
-0.91,3.0,51.0,1.0,1.0,161.83405880659484,604.3695710820427,-0.91
-0.9,3.0,51.0,1.0,1.0,161.89587928878794,604.353200203029,-0.9
-0.89,3.0,51.0,1.0,1.0,161.95769543818378,604.3366115584499,-0.89
-0.88,3.0,51.0,1.0,1.0,162.01950729939455,604.3197916432879,-0.88
-0.87,3.0,51.0,1.0,1.0,162.08131491862662,604.3027259772678,-0.87
-0.86,3.0,51.0,1.0,1.0,162.1431183438504,604.2853990290022,-0.86
-0.85,3.0,51.0,1.0,1.0,162.204917624988,604.2677941339048,-0.85
-0.84,3.0,51.0,1.0,1.0,162.26671281411856,604.2498934053531,-0.84
-0.83,3.0,51.0,1.0,1.0,162.32850396570456,604.2316776385624,-0.83
-0.82,3.0,51.0,1.0,1.0,162.39029113683867,604.2131262065814,-0.82
-0.81,3.0,51.0,1.0,1.0,162.45207438751473,604.1942169477805,-0.81
-0.8,3.0,51.0,1.0,1.0,162.5138537809224,604.1749260441795,-0.8
-0.79,3.0,51.0,1.0,1.0,162.575629383769,604.1552278899129,-0.79
-0.78,3.0,51.0,1.0,1.0,162.63740126662904,604.1350949491083,-0.78
-0.77,3.0,51.0,1.0,1.0,162.6991695043243,604.1144976024086,-0.77
-0.76,3.0,51.0,1.0,1.0,162.76093417633498,604.0934039813751,-0.76
-0.75,3.0,51.0,1.0,1.0,162.8226953672464,604.071779789955,-0.75
-0.74,3.0,51.0,1.0,1.0,162.88008257489398,603.0599424328116,-0.74
-0.73,3.0,51.0,1.0,1.0,162.9368229001069,601.8663159343511,-0.73
-0.72,3.0,51.0,1.0,1.0,162.99396372568165,600.6648314157426,-0.72
-0.71,3.0,51.0,1.0,1.0,163.0514803984112,599.4546568712798,-0.71
-0.7,3.0,51.0,1.0,1.0,163.1093497139666,598.2349116774244,-0.7
-0.69,3.0,51.0,1.0,1.0,163.16754986135274,597.0046825202762,-0.69
-0.68,3.0,51.0,1.0,1.0,163.22606036269653,595.7630476804406,-0.68
-0.67,3.0,51.0,1.0,1.0,163.2848620102382,594.5091120928628,-0.67
-0.66,3.0,51.0,1.0,1.0,163.3439368020012,593.2420560206313,-0.66
-0.65,3.0,51.0,1.0,1.0,163.4032678772834,591.9612005578748,-0.65
-0.64,3.0,51.0,1.0,1.0,163.53152813698415,590.6660931867989,-0.64
-0.63,3.0,51.0,1.0,1.0,163.83692326786922,589.3280461550131,-0.63
-0.62,3.0,51.0,1.0,1.0,164.16224765757994,587.9670912121132,-0.62
-0.61,3.0,51.0,1.0,1.0,164.49362312376013,586.5871555078546,-0.61
-0.6,3.0,51.0,1.0,1.0,164.83099209412558,585.1924917292877,-0.6
-0.59,3.0,51.0,1.0,1.0,165.17429973717614,583.7901818028289,-0.59
-0.58,3.0,51.0,1.0,1.0,165.52349361212768,582.390947486217,-0.58
-0.57,3.0,51.0,1.0,1.0,165.87852332219492,581.009881603626,-0.57
-0.56,3.0,51.0,1.0,1.0,166.2393401730598,579.6669566915122,-0.56
-0.55,3.0,51.0,1.0,1.0,166.60589683819802,578.3870946014403,-0.55
-0.54,3.0,51.0,1.0,1.0,166.978147032873,577.1995520819286,-0.54
-0.53,3.0,51.0,1.0,1.0,167.35604519863895,576.1364196025905,-0.53
-0.52,3.0,51.0,1.0,1.0,167.73954620052095,575.2301743300055,-0.52
-0.51,3.0,51.0,1.0,1.0,168.1286050391303,574.5104737650153,-0.51
-0.5,3.0,51.0,1.0,1.0,168.52317658044552,574.000667551168,-0.5
-0.49,3.0,51.0,1.0,1.0,168.92321530618685,573.7147266666772,-0.49
-0.48,3.0,51.0,1.0,1.0,169.32867508807968,573.6553138383756,-0.48
-0.47,3.0,51.0,1.0,1.0,169.7987216423541,573.7641676924039,-0.47
-0.46,3.0,51.0,1.0,1.0,170.48028251790276,574.0489748538813,-0.46
-0.45,3.0,51.0,1.0,1.0,171.16465388591362,574.5145409351497,-0.45
-0.44,3.0,51.0,1.0,1.0,171.8517761994188,575.12914077832,-0.44
-0.43,3.0,51.0,1.0,1.0,172.5415881167998,575.862928486383,-0.43
-0.42,3.0,51.0,1.0,1.0,173.23402675776626,576.6872607835347,-0.42
-0.41,3.0,51.0,1.0,1.0,173.92902800742144,577.576189321128,-0.41
-0.4,3.0,51.0,1.0,1.0,174.626526856707,578.5074840749303,-0.4
-0.39,3.0,51.0,1.0,1.0,175.3264577600049,579.4630462871065,-0.39
-0.38,3.0,51.0,1.0,1.0,176.02875498074724,580.4288306882756,-0.38
-0.37,3.0,51.0,1.0,1.0,176.7333528830099,581.394449672555,-0.37
-0.36,3.0,51.0,1.0,1.0,177.44018611106515,582.3526168732058,-0.36
-0.35,3.0,51.0,1.0,1.0,178.1491895790879,583.2985476984762,-0.35
-0.34,3.0,51.0,1.0,1.0,178.86029816948493,584.2293916991932,-0.34
-0.33,3.0,51.0,1.0,1.0,179.57344601037605,585.1437363226909,-0.33
-0.32,3.0,51.0,1.0,1.0,180.2885651714668,586.041196621683,-0.32
-0.31,3.0,51.0,1.0,1.0,181.00558358286438,586.9220900056504,-0.31
-0.3,3.0,51.0,1.0,1.0,181.72442194685803,587.7871868909142,-0.3
-0.29,3.0,51.0,1.0,1.0,182.4449893796578,588.6375247385632,-0.29
-0.28,3.0,51.0,1.0,1.0,183.1671774953196,589.4742725246647,-0.28
-0.27,3.0,51.0,1.0,1.0,183.89085263369574,590.2986337856283,-0.27
-0.26,3.0,51.0,1.0,1.0,184.6158459488452,591.1117781468367,-0.26
-0.25,3.0,51.0,1.0,1.0,185.34194112617757,591.9147931702861,-0.25
-0.24,3.0,51.0,1.0,1.0,185.92957409457009,592.3365276372485,-0.24
-0.23,3.0,51.0,1.0,1.0,186.36429588815886,592.349520772759,-0.23
-0.22,3.0,51.0,1.0,1.0,186.79661775052497,592.3604899850317,-0.22
-0.21,3.0,51.0,1.0,1.0,187.22606678539125,592.3695460148834,-0.21
-0.2,3.0,51.0,1.0,1.0,187.65205301956635,592.3767196284804,-0.2
-0.19,3.0,51.0,1.0,1.0,188.07385285066908,592.3819513612632,-0.19
-0.18,3.0,51.0,1.0,1.0,188.49059552463765,592.3850831965915,-0.18
-0.17,3.0,51.0,1.0,1.0,188.90125493947903,592.3858535236668,-0.17
-0.16,3.0,51.0,1.0,1.0,189.30464934965954,592.383896905189,-0.16
-0.15,3.0,51.0,1.0,1.0,194.94598640746358,591.8452362982534,-0.15
-0.14,3.0,51.0,1.0,1.0,171.812410155333,592.2927803816658,-0.14
-0.13,3.0,51.0,1.0,1.0,174.6350484072376,596.0384467816727,-0.13
-0.12,3.0,51.0,1.0,1.0,177.1766929542393,593.7303394772873,-0.12
-0.11,3.0,51.0,1.0,1.0,206.40614306149757,583.6346306732165,-0.11
-0.1,3.0,51.0,1.0,1.0,209.29549427113488,584.5726057844148,-0.1
-0.09,3.0,51.0,1.0,1.0,186.75345227019375,589.4235337615833,-0.09
-0.08,3.0,51.0,1.0,1.0,189.7043922359483,598.5290321660776,-0.08
-0.07,3.0,51.0,1.0,1.0,209.76794255168963,573.4662016949807,-0.07
-0.06,3.0,51.0,1.0,1.0,196.2356272050508,579.8952256319565,-0.06
-0.05,3.0,51.0,1.0,1.0,199.69500746556778,586.5378159000988,-0.05
-0.04,3.0,51.0,1.0,1.0,202.5992353374016,573.9402434399966,-0.04
-0.03,3.0,51.0,1.0,1.0,214.2115489953104,574.5292712286808,-0.03
-0.02,3.0,51.0,1.0,1.0,213.41093097796096,565.6797156260401,-0.02
-0.01,3.0,51.0,1.0,1.0,211.21606857824446,560.1341143634536,-0.01
0.0,3.0,51.0,1.0,1.0,213.69600797838666,571.3232432282382,0.0
-1.0,4.0,51.0,1.0,1.0,191.41459059477395,579.7386392004946,-1.0
-0.99,4.0,51.0,1.0,1.0,191.48599904629674,579.0476409742972,-0.99
-0.98,4.0,51.0,1.0,1.0,191.55721890025538,578.3635808441713,-0.98
-0.97,4.0,51.0,1.0,1.0,191.62723648883747,577.6909875953052,-0.97
-0.96,4.0,51.0,1.0,1.0,191.69563364086684,577.035308628108,-0.96
-0.95,4.0,51.0,1.0,1.0,191.75163812746612,576.5311592850048,-0.95
-0.94,4.0,51.0,1.0,1.0,191.64762247174937,578.228267044858,-0.94
-0.93,4.0,51.0,1.0,1.0,191.5099539147416,580.0596128004131,-0.93
-0.92,4.0,51.0,1.0,1.0,191.40275414585074,581.938128781667,-0.92
-0.91,4.0,51.0,1.0,1.0,191.34515892826758,583.7999859890299,-0.91
-0.9,4.0,51.0,1.0,1.0,191.558527386599,585.5703142316021,-0.9
-0.89,4.0,51.0,1.0,1.0,191.52547013659037,587.3135285825388,-0.89
-0.88,4.0,51.0,1.0,1.0,191.6707528320488,586.5979196078707,-0.88
-0.87,4.0,51.0,1.0,1.0,191.78487534281894,585.0782220364564,-0.87
-0.86,4.0,51.0,1.0,1.0,191.98130483786406,583.5053071780376,-0.86
-0.85,4.0,51.0,1.0,1.0,192.4438272473607,581.8249744767364,-0.85
-0.84,4.0,51.0,1.0,1.0,192.739918635463,580.1024572291725,-0.84
-0.83,4.0,51.0,1.0,1.0,193.08638530811714,578.3458616272753,-0.83
-0.82,4.0,51.0,1.0,1.0,193.52283251033202,576.5727321580663,-0.82
-0.81,4.0,51.0,1.0,1.0,193.94319216277972,574.8143009144031,-0.81
-0.8,4.0,51.0,1.0,1.0,194.33703000885964,573.1198498772703,-0.8
-0.79,4.0,51.0,1.0,1.0,194.89571303250872,571.5595089736564,-0.79
-0.78,4.0,51.0,1.0,1.0,195.39934184800236,570.2228392688896,-0.78
-0.77,4.0,51.0,1.0,1.0,197.43579972078464,569.2105246305987,-0.77
-0.76,4.0,51.0,1.0,1.0,197.6602240875119,568.6184651931702,-0.76
-0.75,4.0,51.0,1.0,1.0,197.19413647512152,568.5172515908278,-0.75
-0.74,4.0,51.0,1.0,1.0,196.71792793933358,568.9333409166084,-0.74
-0.73,4.0,51.0,1.0,1.0,196.23209750197807,569.8393390275254,-0.73
-0.72,4.0,51.0,1.0,1.0,195.73718281106574,571.158792923715,-0.72
-0.71,4.0,51.0,1.0,1.0,195.02706352800405,571.7789740715813,-0.71
-0.7,4.0,51.0,1.0,1.0,193.8485215905557,570.5431929685653,-0.7
-0.69,4.0,51.0,1.0,1.0,192.6597101289507,569.6180063848999,-0.69
-0.68,4.0,51.0,1.0,1.0,191.46086544442048,569.1059889336883,-0.68
-0.67,4.0,51.0,1.0,1.0,190.25224133994143,569.0847802008674,-0.67
-0.66,4.0,51.0,1.0,1.0,189.03412375632172,569.5881231572451,-0.66
-0.65,4.0,51.0,1.0,1.0,187.80684179315344,570.5972132136701,-0.65
-0.64,4.0,51.0,1.0,1.0,186.57077561822084,572.0458358790846,-0.64
-0.63,4.0,51.0,1.0,1.0,185.32636176397955,573.8374525421573,-0.63
-0.62,4.0,51.0,1.0,1.0,184.07409628212582,575.8674168468455,-0.62
-0.61,4.0,51.0,1.0,1.0,182.81453618851205,578.0418398108783,-0.61
-0.6,4.0,51.0,1.0,1.0,181.54829958786343,580.2879332553163,-0.6
-0.59,4.0,51.0,1.0,1.0,180.27606483092006,582.5559204574522,-0.59
-0.58,4.0,51.0,1.0,1.0,178.99856902602798,584.8157213807488,-0.58
-0.57,4.0,51.0,1.0,1.0,177.7166062109224,587.0517692012465,-0.57
-0.56,4.0,51.0,1.0,1.0,176.43102548661628,589.2580520717061,-0.56
-0.55,4.0,51.0,1.0,1.0,175.14272942856482,591.434227520274,-0.55
-0.54,4.0,51.0,1.0,1.0,173.85267311888998,593.5829139789391,-0.54
-0.53,4.0,51.0,1.0,1.0,173.0861816687278,595.7626794028799,-0.53
-0.52,4.0,51.0,1.0,1.0,173.2319938589189,595.8353928036365,-0.52
-0.51,4.0,51.0,1.0,1.0,173.5178643226627,595.5904818406134,-0.51
-0.5,4.0,51.0,1.0,1.0,173.80585400158432,595.3532096592129,-0.5
-0.49,4.0,51.0,1.0,1.0,174.09590285797367,595.1234985437769,-0.49
-0.48,4.0,51.0,1.0,1.0,174.38793997262178,594.9012856592831,-0.48
-0.47,4.0,51.0,1.0,1.0,174.6818780869703,594.6865189823637,-0.47
-0.46,4.0,51.0,1.0,1.0,174.97760657933813,594.4791524659838,-0.46
-0.45,4.0,51.0,1.0,1.0,175.27498269029292,594.2791403069232,-0.45
-0.44,4.0,51.0,1.0,1.0,175.57382088582918,594.0864302112727,-0.44
-0.43,4.0,51.0,1.0,1.0,175.87388037304893,593.900955608375,-0.43
-0.42,4.0,51.0,1.0,1.0,176.17485097362913,593.7226268569447,-0.42
-0.41,4.0,51.0,1.0,1.0,176.47633782465658,593.5513216256278,-0.41
-0.4,4.0,51.0,1.0,1.0,176.78604735416926,593.421394855062,-0.4
-0.39,4.0,51.0,1.0,1.0,177.11004963086415,593.3597551319476,-0.39
-0.38,4.0,51.0,1.0,1.0,177.01980715185425,593.3024678308318,-0.38
-0.37,4.0,51.0,1.0,1.0,176.89538836522362,593.2457599681758,-0.37
-0.36,4.0,51.0,1.0,1.0,176.77165219415133,593.1888458800247,-0.36
-0.35,4.0,51.0,1.0,1.0,176.6497830970751,593.1311570015013,-0.35
-0.34,4.0,51.0,1.0,1.0,176.5311099384421,593.0720476394968,-0.34
-0.33,4.0,51.0,1.0,1.0,176.4170761217816,593.0108184833829,-0.33
-0.32,4.0,51.0,1.0,1.0,176.30919519031238,592.9467486702616,-0.32
-0.31,4.0,51.0,1.0,1.0,176.2089930173596,592.8791351505525,-0.31
-0.3,4.0,51.0,1.0,1.0,176.1179397351688,592.8073369113417,-0.3
-0.29,4.0,51.0,1.0,1.0,176.03737651482118,592.7308205888093,-0.29
-0.28,4.0,51.0,1.0,1.0,175.96844377997496,592.649203410234,-0.28
-0.27,4.0,51.0,1.0,1.0,175.9120180062008,592.5622895034022,-0.27
-0.26,4.0,51.0,1.0,1.0,175.86866366949326,592.4700965951977,-0.26
-0.25,4.0,51.0,1.0,1.0,175.83860514675115,592.3728722056253,-0.25
-0.24,4.0,51.0,1.0,1.0,175.8217206557949,592.2711022758232,-0.24
-0.23,4.0,51.0,1.0,1.0,175.81755690410534,592.1655237162586,-0.23
-0.22,4.0,51.0,1.0,1.0,175.82535840581718,592.0571821233689,-0.22
-0.21,4.0,51.0,1.0,1.0,175.78742498846105,592.1048595343756,-0.21
-0.2,4.0,51.0,1.0,1.0,175.82344383930806,592.0791378165319,-0.2
-0.19,4.0,51.0,1.0,1.0,175.8594188295781,592.0537241587222,-0.19
-0.18,4.0,51.0,1.0,1.0,175.89534900005492,592.0286224527795,-0.18
-0.17,4.0,51.0,1.0,1.0,175.93123337599042,592.0038366570737,-0.17
-0.16,4.0,51.0,1.0,1.0,175.96707096677383,591.9793707979424,-0.16
-0.15,4.0,51.0,1.0,1.0,176.74734654571964,592.5711748933043,-0.15
-0.14,4.0,51.0,1.0,1.0,203.20257791738442,570.7884652870832,-0.14
-0.13,4.0,51.0,1.0,1.0,205.89752370362245,564.316152112376,-0.13
-0.12,4.0,51.0,1.0,1.0,206.7035308131875,561.9086137842482,-0.12
-0.11,4.0,51.0,1.0,1.0,193.8771433472235,582.8128066272136,-0.11
-0.1,4.0,51.0,1.0,1.0,207.5111612426058,549.3094621901109,-0.1
-0.09,4.0,51.0,1.0,1.0,209.2866918193416,585.5569500438419,-0.09
-0.08,4.0,51.0,1.0,1.0,208.52201335257442,594.4124343290844,-0.08
-0.07,4.0,51.0,1.0,1.0,209.11709744979095,544.7699161531026,-0.07
-0.06,4.0,51.0,1.0,1.0,209.97324443853222,582.5667855203656,-0.06
-0.05,4.0,51.0,1.0,1.0,211.68434349403285,597.6677099200892,-0.05
-0.04,4.0,51.0,1.0,1.0,210.17458100479232,570.1773755232506,-0.04
-0.03,4.0,51.0,1.0,1.0,212.71826957420407,586.3845279280292,-0.03
-0.02,4.0,51.0,1.0,1.0,209.96578994671813,590.2267026332553,-0.02
-0.01,4.0,51.0,1.0,1.0,212.2572777226169,570.8995008437965,-0.01
0.0,4.0,51.0,1.0,1.0,213.31498860532386,581.9458937858542,0.0
-1.0,5.0,51.0,1.0,1.0,194.6724010330816,555.9333089397851,-1.0
-0.99,5.0,51.0,1.0,1.0,194.56743357743346,568.7284096308489,-0.99
-0.98,5.0,51.0,1.0,1.0,194.84911166536438,571.9107976092854,-0.98
-0.97,5.0,51.0,1.0,1.0,195.31094207417132,567.8427235635974,-0.97
-0.96,5.0,51.0,1.0,1.0,195.2150105752008,569.5648852210182,-0.96
-0.95,5.0,51.0,1.0,1.0,195.31491155019438,573.1412938738254,-0.95
-0.94,5.0,51.0,1.0,1.0,195.26030591014285,573.5799373422352,-0.94
-0.93,5.0,51.0,1.0,1.0,195.2301145826087,572.0712296761079,-0.93
-0.92,5.0,51.0,1.0,1.0,195.2047468359759,570.492795933444,-0.92
-0.91,5.0,51.0,1.0,1.0,195.18491884368524,568.892292966415,-0.91
-0.9,5.0,51.0,1.0,1.0,195.22715411860142,567.3962839886321,-0.9
-0.89,5.0,51.0,1.0,1.0,195.361979297882,566.2419988145572,-0.89
-0.88,5.0,51.0,1.0,1.0,195.4740089040364,565.7486810841897,-0.88
-0.87,5.0,51.0,1.0,1.0,195.5491295076488,566.1802468074435,-0.87
-0.86,5.0,51.0,1.0,1.0,195.58281828781546,567.5953604722972,-0.86
-0.85,5.0,51.0,1.0,1.0,195.5761429522086,569.830161036541,-0.85
-0.84,5.0,51.0,1.0,1.0,195.64534676507117,568.9453638521602,-0.84
-0.83,5.0,51.0,1.0,1.0,195.8441014512915,563.4213945286009,-0.83
-0.82,5.0,51.0,1.0,1.0,196.0428160787024,557.7185795886927,-0.82
-0.81,5.0,51.0,1.0,1.0,196.24617768571088,551.6609752574559,-0.81
-0.8,5.0,51.0,1.0,1.0,196.36663127913542,545.9602400879991,-0.8
-0.79,5.0,51.0,1.0,1.0,196.3388033863177,539.2202158573008,-0.79
-0.78,5.0,51.0,1.0,1.0,196.3077698700364,530.8766773747644,-0.78
-0.77,5.0,51.0,1.0,1.0,196.2577344385539,526.4128800835338,-0.77
-0.76,5.0,51.0,1.0,1.0,196.16808192468343,533.9210771238464,-0.76
-0.75,5.0,51.0,1.0,1.0,196.33517569007796,542.2269185426288,-0.75
-0.74,5.0,51.0,1.0,1.0,196.51874272469055,549.0326811150578,-0.74
-0.73,5.0,51.0,1.0,1.0,196.33511928128164,555.4662600945254,-0.73
-0.72,5.0,51.0,1.0,1.0,196.62188286459087,561.9419423883055,-0.72
-0.71,5.0,51.0,1.0,1.0,196.7683000207775,568.1375542226821,-0.71
-0.7,5.0,51.0,1.0,1.0,196.84308775174532,579.5011712323993,-0.7
-0.69,5.0,51.0,1.0,1.0,196.89743510716028,589.1414571289184,-0.69
-0.68,5.0,51.0,1.0,1.0,196.98553085885445,593.256745443063,-0.68
-0.67,5.0,51.0,1.0,1.0,196.93255909960288,588.197034182413,-0.67
-0.66,5.0,51.0,1.0,1.0,196.97473226192133,591.6629469891816,-0.66
-0.65,5.0,51.0,1.0,1.0,197.1380428292556,595.1599851820336,-0.65
-0.64,5.0,51.0,1.0,1.0,197.24093292538387,595.5130319156376,-0.64
-0.63,5.0,51.0,1.0,1.0,197.38796563583378,593.538471196445,-0.63
-0.62,5.0,51.0,1.0,1.0,197.58698160982973,590.6032046058037,-0.62
-0.61,5.0,51.0,1.0,1.0,197.61606952017254,586.839348251739,-0.61
-0.6,5.0,51.0,1.0,1.0,197.63199507095626,582.413983873505,-0.6
-0.59,5.0,51.0,1.0,1.0,197.67125566764204,577.5097586908595,-0.59
-0.58,5.0,51.0,1.0,1.0,197.70637222539045,572.7896898743079,-0.58
-0.57,5.0,51.0,1.0,1.0,197.75093894128648,570.6678005559111,-0.57
-0.56,5.0,51.0,1.0,1.0,197.80999257119834,568.5279574321835,-0.56
-0.55,5.0,51.0,1.0,1.0,197.8571545736481,566.4412393136681,-0.55
-0.54,5.0,51.0,1.0,1.0,197.91325389382956,564.4622758007288,-0.54
-0.53,5.0,51.0,1.0,1.0,197.9733695393519,562.6308997425047,-0.53
-0.52,5.0,51.0,1.0,1.0,198.0223657808547,560.9742539429279,-0.52
-0.51,5.0,51.0,1.0,1.0,198.06819293383205,559.5089973658952,-0.51
-0.5,5.0,51.0,1.0,1.0,198.11798245641432,558.2434464938875,-0.5
-0.49,5.0,51.0,1.0,1.0,198.17313778111776,557.1795345847003,-0.49
-0.48,5.0,51.0,1.0,1.0,198.21894037817054,556.3144720396527,-0.48
-0.47,5.0,51.0,1.0,1.0,198.25970239223255,555.6420356685093,-0.47
-0.46,5.0,51.0,1.0,1.0,198.2994524387256,555.1535300997787,-0.46
-0.45,5.0,51.0,1.0,1.0,198.3357362571202,554.4842568234485,-0.45
-0.44,5.0,51.0,1.0,1.0,198.36437275862093,554.3748075971919,-0.44
-0.43,5.0,51.0,1.0,1.0,198.3953064024361,555.2451143812946,-0.43
-0.42,5.0,51.0,1.0,1.0,198.42621724474395,556.1165035873654,-0.42
-0.41,5.0,51.0,1.0,1.0,198.45842388669493,556.9895107995085,-0.41
-0.4,5.0,51.0,1.0,1.0,198.47710710648678,557.8645069282362,-0.4
-0.39,5.0,51.0,1.0,1.0,198.50260459813103,558.7417116095825,-0.39
-0.38,5.0,51.0,1.0,1.0,198.53206251488876,559.6212065073485,-0.38
-0.37,5.0,51.0,1.0,1.0,198.56404231469307,560.502947949342,-0.37
-0.36,5.0,51.0,1.0,1.0,198.59533417755173,561.3867785093333,-0.36
-0.35,5.0,51.0,1.0,1.0,198.62573355743928,562.2724373020184,-0.35
-0.34,5.0,51.0,1.0,1.0,198.6563670534964,563.1595688886325,-0.34
-0.33,5.0,51.0,1.0,1.0,198.67903319729086,564.0477307934812,-0.33
-0.32,5.0,51.0,1.0,1.0,198.70293993582715,564.9363997105102,-0.32
-0.31,5.0,51.0,1.0,1.0,198.73259661264063,565.8249765343637,-0.31
-0.3,5.0,51.0,1.0,1.0,198.76517589859586,566.712790387812,-0.3
-0.29,5.0,51.0,1.0,1.0,198.797404305796,567.5991018382242,-0.29
-0.28,5.0,51.0,1.0,1.0,198.8282798357095,568.4831055039349,-0.28
-0.27,5.0,51.0,1.0,1.0,198.85774250670036,569.3639322521437,-0.27
-0.26,5.0,51.0,1.0,1.0,198.87843776246882,570.2406511810182,-0.26
-0.25,5.0,51.0,1.0,1.0,198.90834573339717,571.1122715672007,-0.25
-0.24,5.0,51.0,1.0,1.0,198.94230323325374,571.9777449448175,-0.24
-0.23,5.0,51.0,1.0,1.0,198.97611260124043,572.8359674636511,-0.23
-0.22,5.0,51.0,1.0,1.0,199.00902165900814,573.6857826564471,-0.22
-0.21,5.0,51.0,1.0,1.0,199.03767949511138,574.5259847250794,-0.21
-0.2,5.0,51.0,1.0,1.0,199.06178868960785,575.3553224355204,-0.2
-0.19,5.0,51.0,1.0,1.0,199.0948000899348,576.1725036911115,-0.19
-0.18,5.0,51.0,1.0,1.0,199.13020541122776,576.9762008327725,-0.18
-0.17,5.0,51.0,1.0,1.0,199.16627383454065,577.7650566936294,-0.17
-0.16,5.0,51.0,1.0,1.0,199.20327843217777,578.5376914144252,-0.16
-0.15,5.0,51.0,1.0,1.0,200.62354275863308,601.554960561076,-0.15
-0.14,5.0,51.0,1.0,1.0,203.3679275490018,523.1484364827052,-0.14
-0.13,5.0,51.0,1.0,1.0,204.8957496857887,526.5846568364258,-0.13
-0.12,5.0,51.0,1.0,1.0,205.85744284048857,544.3607336258101,-0.12
-0.11,5.0,51.0,1.0,1.0,206.90652702474327,566.1470752120008,-0.11
-0.1,5.0,51.0,1.0,1.0,209.22984277384262,529.3466123705115,-0.1
-0.09,5.0,51.0,1.0,1.0,210.50151643129126,547.0680253934206,-0.09
-0.08,5.0,51.0,1.0,1.0,211.2213142852487,546.0979561906763,-0.08
-0.07,5.0,51.0,1.0,1.0,212.60566321202353,569.1006928423799,-0.07
-0.06,5.0,51.0,1.0,1.0,213.90352403248446,524.4619695393387,-0.06
-0.05,5.0,51.0,1.0,1.0,214.87992440199247,583.3019559640445,-0.05
-0.04,5.0,51.0,1.0,1.0,217.7888442481749,530.9940267929638,-0.04
-0.03,5.0,51.0,1.0,1.0,218.374440157407,521.9535165862618,-0.03
-0.02,5.0,51.0,1.0,1.0,219.87107955579455,574.3741307986569,-0.02
-0.01,5.0,51.0,1.0,1.0,221.86331780813669,554.5762262270831,-0.01
0.0,5.0,51.0,1.0,1.0,222.61323296779105,517.935220407693,0.0
-1.0,6.0,51.0,1.0,1.0,194.94095023308117,541.8037258194099,-1.0
-0.99,6.0,51.0,1.0,1.0,195.04947614472601,543.4376054696369,-0.99
-0.98,6.0,51.0,1.0,1.0,195.07429381525682,544.7891002958418,-0.98
-0.97,6.0,51.0,1.0,1.0,195.11840747063673,545.8751756936052,-0.97
-0.96,6.0,51.0,1.0,1.0,195.14039805006607,546.7180505404208,-0.96
-0.95,6.0,51.0,1.0,1.0,195.15466189819048,547.3432153491154,-0.95
-0.94,6.0,51.0,1.0,1.0,195.17879737277087,547.7780184701166,-0.94
-0.93,6.0,51.0,1.0,1.0,195.2083430218105,548.0504809906283,-0.93
-0.92,6.0,51.0,1.0,1.0,195.24071043227988,548.1882713843016,-0.92
-0.91,6.0,51.0,1.0,1.0,195.27334295751933,548.21783178516,-0.91
-0.9,6.0,51.0,1.0,1.0,195.3054445901227,548.1636806348504,-0.9
-0.89,6.0,51.0,1.0,1.0,195.33731848489379,548.0479092302538,-0.89
-0.88,6.0,51.0,1.0,1.0,195.37086519685195,547.8898721223605,-0.88
-0.87,6.0,51.0,1.0,1.0,195.40532595732466,547.7060549221284,-0.87
-0.86,6.0,51.0,1.0,1.0,195.44046062395697,547.510091771707,-0.86
-0.85,6.0,51.0,1.0,1.0,195.47635323569259,547.3128992225764,-0.85
-0.84,6.0,51.0,1.0,1.0,195.51187019745373,547.1228926246463,-0.84
-0.83,6.0,51.0,1.0,1.0,195.5447935626339,546.9462538958459,-0.83
-0.82,6.0,51.0,1.0,1.0,195.5792000204932,546.7872242833424,-0.82
-0.81,6.0,51.0,1.0,1.0,195.614774822827,546.6484012804256,-0.81
-0.8,6.0,51.0,1.0,1.0,195.65130783238155,546.5310244009768,-0.8
-0.79,6.0,51.0,1.0,1.0,195.6885999952403,546.4352395381559,-0.79
-0.78,6.0,51.0,1.0,1.0,195.72646096439732,546.3603358478705,-0.78
-0.77,6.0,51.0,1.0,1.0,195.7647493421331,546.3049524270257,-0.77
-0.76,6.0,51.0,1.0,1.0,195.80340241975117,546.2672545162926,-0.76
-0.75,6.0,51.0,1.0,1.0,195.84382116553456,546.3048537419703,-0.75
-0.74,6.0,51.0,1.0,1.0,195.88968060679244,546.5659878206756,-0.74
-0.73,6.0,51.0,1.0,1.0,195.93589881124205,546.8251489999773,-0.73
-0.72,6.0,51.0,1.0,1.0,195.98288755554643,547.0799170283956,-0.72
-0.71,6.0,51.0,1.0,1.0,196.0328720424777,547.3279169285303,-0.71
-0.7,6.0,51.0,1.0,1.0,196.07817887314536,547.5668624755906,-0.7
-0.69,6.0,51.0,1.0,1.0,196.1191100922665,547.7945877643793,-0.69
-0.68,6.0,51.0,1.0,1.0,196.15485132062003,548.0090693178632,-0.68
-0.67,6.0,51.0,1.0,1.0,196.1938506144733,548.2084407273393,-0.67
-0.66,6.0,51.0,1.0,1.0,196.2346503214518,548.3910015879114,-0.66
-0.65,6.0,51.0,1.0,1.0,196.276754332328,548.5552220879077,-0.65
-0.64,6.0,51.0,1.0,1.0,196.3198863169196,548.6997443474809,-0.64
-0.63,6.0,51.0,1.0,1.0,196.36385956810923,548.8233813592179,-0.63
-0.62,6.0,51.0,1.0,1.0,196.40853283304662,548.9251141775726,-0.62
-0.61,6.0,51.0,1.0,1.0,196.45379366404268,549.0040878272445,-0.61
-0.6,6.0,51.0,1.0,1.0,196.4995580976172,549.0596062360045,-0.6
-0.59,6.0,51.0,1.0,1.0,196.54581094911825,549.0911263011353,-0.59
-0.58,6.0,51.0,1.0,1.0,196.5917783810611,549.0982507915485,-0.58
-0.57,6.0,51.0,1.0,1.0,196.63786286159473,549.0807179932821,-0.57
-0.56,6.0,51.0,1.0,1.0,196.68253892665874,549.3205763351406,-0.56
-0.55,6.0,51.0,1.0,1.0,196.7269903574594,548.5229819284359,-0.55
-0.54,6.0,51.0,1.0,1.0,196.77680307813125,547.7312410544544,-0.54
-0.53,6.0,51.0,1.0,1.0,196.83320928221562,546.9455730820911,-0.53
-0.52,6.0,51.0,1.0,1.0,196.8916201370039,546.1662188951622,-0.52
-0.51,6.0,51.0,1.0,1.0,196.9294421622041,545.3934421184731,-0.51
-0.5,6.0,51.0,1.0,1.0,196.97031028085772,544.6275302362085,-0.5
-0.49,6.0,51.0,1.0,1.0,197.0125978568521,543.9062259248724,-0.49
-0.48,6.0,51.0,1.0,1.0,197.05563765876212,543.2350522215485,-0.48
-0.47,6.0,51.0,1.0,1.0,197.10062752726955,542.573145335217,-0.47
-0.46,6.0,51.0,1.0,1.0,197.15164572043278,541.9208734363849,-0.46
-0.45,6.0,51.0,1.0,1.0,197.19634035371428,541.2786208781862,-0.45
-0.44,6.0,51.0,1.0,1.0,197.24398599441932,540.6467872514851,-0.44
-0.43,6.0,51.0,1.0,1.0,197.28727154730493,540.0257861829206,-0.43
-0.42,6.0,51.0,1.0,1.0,197.33041340993012,539.4160438580636,-0.42
-0.41,6.0,51.0,1.0,1.0,197.3768149826172,538.817997250715,-0.41
-0.4,6.0,51.0,1.0,1.0,197.42574373185923,538.2320920119004,-0.4
-0.39,6.0,51.0,1.0,1.0,197.47764989329988,537.6587799517828,-0.39
-0.38,6.0,51.0,1.0,1.0,197.5323141114574,537.0985159992016,-0.38
-0.37,6.0,51.0,1.0,1.0,197.58048378647143,536.5517544711735,-0.37
-0.36,6.0,51.0,1.0,1.0,197.61574212850542,536.0189783632189,-0.36
-0.35,6.0,51.0,1.0,1.0,197.65174038107935,535.5006415852148,-0.35
-0.34,6.0,51.0,1.0,1.0,197.69123079806724,534.9972000954906,-0.34
-0.33,6.0,51.0,1.0,1.0,197.73239046046146,534.5091036659743,-0.33
-0.32,6.0,51.0,1.0,1.0,197.77477286865835,534.0367920553921,-0.32
-0.31,6.0,51.0,1.0,1.0,197.81860504889394,533.5806929384864,-0.31
-0.3,6.0,51.0,1.0,1.0,197.8646277910733,533.1412203586389,-0.3
-0.29,6.0,51.0,1.0,1.0,197.91325130469932,532.7187736092043,-0.29
-0.28,6.0,51.0,1.0,1.0,197.9593935351386,532.4226871347308,-0.28
-0.27,6.0,51.0,1.0,1.0,198.00702979262425,532.1494656309562,-0.27
-0.26,6.0,51.0,1.0,1.0,198.05519221430936,531.8933842332185,-0.26
-0.25,6.0,51.0,1.0,1.0,198.10385075034333,531.6547479072943,-0.25
-0.24,6.0,51.0,1.0,1.0,198.15322074719575,531.4338668537,-0.24
-0.23,6.0,51.0,1.0,1.0,198.20352771383378,531.2310594291525,-0.23
-0.22,6.0,51.0,1.0,1.0,198.25089027680656,531.0466554510162,-0.22
-0.21,6.0,51.0,1.0,1.0,198.29919848298127,530.8809998739711,-0.21
-0.2,6.0,51.0,1.0,1.0,198.34831763167125,530.7344568080142,-0.2
-0.19,6.0,51.0,1.0,1.0,198.39795244616877,530.6074138232722,-0.19
-0.18,6.0,51.0,1.0,1.0,198.44698780128158,530.5002864612163,-0.18
-0.17,6.0,51.0,1.0,1.0,198.49677048272392,530.4135228458294,-0.17
-0.16,6.0,51.0,1.0,1.0,198.5470830914998,530.3476082652965,-0.16
-0.15,6.0,51.0,1.0,1.0,199.57127630584242,533.2431562710175,-0.15
-0.14,6.0,51.0,1.0,1.0,201.23272264265225,551.3055107929112,-0.14
-0.13,6.0,51.0,1.0,1.0,202.70099348790183,532.9556446480659,-0.13
-0.12,6.0,51.0,1.0,1.0,203.5531051119281,519.5000629123203,-0.12
-0.11,6.0,51.0,1.0,1.0,205.50662447558648,520.394241434705,-0.11
-0.1,6.0,51.0,1.0,1.0,207.74131725879877,528.673782990477,-0.1
-0.09,6.0,51.0,1.0,1.0,208.15456651269187,551.4468504376129,-0.09
-0.08,6.0,51.0,1.0,1.0,209.3177644921878,521.1617036518261,-0.08
-0.07,6.0,51.0,1.0,1.0,211.52994393263165,521.2288047409143,-0.07
-0.06,6.0,51.0,1.0,1.0,212.76130829074773,560.0299836984515,-0.06
-0.05,6.0,51.0,1.0,1.0,213.59523501426122,524.15115591125,-0.05
-0.04,6.0,51.0,1.0,1.0,215.49426562479073,521.4663109935999,-0.04
-0.03,6.0,51.0,1.0,1.0,216.0336497670991,535.1879679442745,-0.03
-0.02,6.0,51.0,1.0,1.0,214.57487779133416,587.3085132779826,-0.02
-0.01,6.0,51.0,1.0,1.0,219.02120844912145,526.6594698477991,-0.01
0.0,6.0,51.0,1.0,1.0,219.52813359907324,550.24500063697,0.0
-1.0,7.0,51.0,1.0,1.0,193.27584859946018,525.1823420274994,-1.0
-0.99,7.0,51.0,1.0,1.0,193.25757894292278,531.8898311974358,-0.99
-0.98,7.0,51.0,1.0,1.0,193.34394638437618,538.3988446129111,-0.98
-0.97,7.0,51.0,1.0,1.0,193.33022438060053,544.7616979050591,-0.97
-0.96,7.0,51.0,1.0,1.0,193.4917428455336,551.0441719582412,-0.96
-0.95,7.0,51.0,1.0,1.0,193.6036249218483,557.4277727602498,-0.95
-0.94,7.0,51.0,1.0,1.0,193.7613741593845,563.9815253878567,-0.94
-0.93,7.0,51.0,1.0,1.0,193.8991547459122,570.5209794471899,-0.93
-0.92,7.0,51.0,1.0,1.0,193.9019803609681,573.1892923147947,-0.92
-0.91,7.0,51.0,1.0,1.0,193.80070202913743,572.1078467384409,-0.91
-0.9,7.0,51.0,1.0,1.0,193.75117031161867,571.0234891684796,-0.9
-0.89,7.0,51.0,1.0,1.0,193.64890537128738,569.7022947433979,-0.89
-0.88,7.0,51.0,1.0,1.0,193.5855855592492,568.2344054646428,-0.88
-0.87,7.0,51.0,1.0,1.0,193.51249401669935,566.6912560606063,-0.87
-0.86,7.0,51.0,1.0,1.0,193.5094241986169,565.5538178879673,-0.86
-0.85,7.0,51.0,1.0,1.0,193.62429702645588,565.9659629976659,-0.85
-0.84,7.0,51.0,1.0,1.0,194.00884396294597,568.8870292572805,-0.84
-0.83,7.0,51.0,1.0,1.0,194.21309877103823,559.8156855568892,-0.83
-0.82,7.0,51.0,1.0,1.0,194.31326772512145,536.293383928936,-0.82
-0.81,7.0,51.0,1.0,1.0,194.5148404813403,512.5693281647788,-0.81
-0.8,7.0,51.0,1.0,1.0,194.7976581298247,543.1920669579373,-0.8
-0.79,7.0,51.0,1.0,1.0,194.38568905446766,553.7097331467656,-0.79
-0.78,7.0,51.0,1.0,1.0,194.65419567026538,529.0080286256807,-0.78
-0.77,7.0,51.0,1.0,1.0,193.9809515732784,526.2232674636114,-0.77
-0.76,7.0,51.0,1.0,1.0,194.07236807519843,531.4142135925377,-0.76
-0.75,7.0,51.0,1.0,1.0,194.1209544578685,535.6894830204438,-0.75
-0.74,7.0,51.0,1.0,1.0,194.3259522991623,540.1187587579109,-0.74
-0.73,7.0,51.0,1.0,1.0,194.6298805350998,544.3050723146719,-0.73
-0.72,7.0,51.0,1.0,1.0,194.67223793927914,548.5325734775348,-0.72
-0.71,7.0,51.0,1.0,1.0,194.9539730185154,551.1750421667955,-0.71
-0.7,7.0,51.0,1.0,1.0,194.88853402032106,550.1173186129191,-0.7
-0.69,7.0,51.0,1.0,1.0,194.8201562319846,549.060962002866,-0.69
-0.68,7.0,51.0,1.0,1.0,194.74805663721023,548.0061872339307,-0.68
-0.67,7.0,51.0,1.0,1.0,194.67161083188472,546.9532228519408,-0.67
-0.66,7.0,51.0,1.0,1.0,194.5967894409989,545.9023302673227,-0.66
-0.65,7.0,51.0,1.0,1.0,194.53080083088958,544.8538026676848,-0.65
-0.64,7.0,51.0,1.0,1.0,194.48487216218638,543.8079442332939,-0.64
-0.63,7.0,51.0,1.0,1.0,194.4606720366469,542.765039094097,-0.63
-0.62,7.0,51.0,1.0,1.0,194.44401467068488,541.725258532816,-0.62
-0.61,7.0,51.0,1.0,1.0,194.43001626008862,540.6884583109776,-0.61
-0.6,7.0,51.0,1.0,1.0,194.43996074177392,539.6530953793226,-0.6
-0.59,7.0,51.0,1.0,1.0,194.49197698818747,538.613796991997,-0.59
-0.58,7.0,51.0,1.0,1.0,194.49434089430878,537.5693396402809,-0.58
-0.57,7.0,51.0,1.0,1.0,194.45514820085862,536.5755647188273,-0.57
-0.56,7.0,51.0,1.0,1.0,194.394015223439,535.5786605468371,-0.56
-0.55,7.0,51.0,1.0,1.0,194.31414039156368,534.5863634352403,-0.55
-0.54,7.0,51.0,1.0,1.0,194.282700790668,533.5981635747409,-0.54
-0.53,7.0,51.0,1.0,1.0,194.35094918627186,532.6176407998765,-0.53
-0.52,7.0,51.0,1.0,1.0,194.4000622142441,531.6431947261431,-0.52
-0.51,7.0,51.0,1.0,1.0,194.34816441268993,530.6650995374038,-0.51
-0.5,7.0,51.0,1.0,1.0,194.3977000127512,529.6318557734994,-0.5
-0.49,7.0,51.0,1.0,1.0,194.41129735080307,528.7281048902554,-0.49
-0.48,7.0,51.0,1.0,1.0,194.37422451374,527.8935068087501,-0.48
-0.47,7.0,51.0,1.0,1.0,194.43121257239665,527.0693646272115,-0.47
-0.46,7.0,51.0,1.0,1.0,194.41314523113275,526.2004691283564,-0.46
-0.45,7.0,51.0,1.0,1.0,194.43943301007408,525.3320719480964,-0.45
-0.44,7.0,51.0,1.0,1.0,194.44704882634238,524.48342414927,-0.44
-0.43,7.0,51.0,1.0,1.0,194.45847910514752,523.6240577379006,-0.43
-0.42,7.0,51.0,1.0,1.0,194.47552079534833,522.7483224041401,-0.42
-0.41,7.0,51.0,1.0,1.0,194.5235682439717,521.8725146796179,-0.41
-0.4,7.0,51.0,1.0,1.0,194.59262700253564,520.9914863960299,-0.4
-0.39,7.0,51.0,1.0,1.0,194.6878995160212,520.1299090860982,-0.39
-0.38,7.0,51.0,1.0,1.0,194.73184528862245,519.349562305227,-0.38
-0.37,7.0,51.0,1.0,1.0,194.76617906123244,518.6988221515633,-0.37
-0.36,7.0,51.0,1.0,1.0,194.8124841461474,518.2149562998793,-0.36
-0.35,7.0,51.0,1.0,1.0,194.87164818654315,517.9040580635741,-0.35
-0.34,7.0,51.0,1.0,1.0,194.93675004606663,517.7390223431694,-0.34
-0.33,7.0,51.0,1.0,1.0,195.02850301996727,517.964650718461,-0.33
-0.32,7.0,51.0,1.0,1.0,195.09000210327898,518.1948473324617,-0.32
-0.31,7.0,51.0,1.0,1.0,195.07154426754107,517.8477829032647,-0.31
-0.3,7.0,51.0,1.0,1.0,195.06487321263225,517.5548302437712,-0.3
-0.29,7.0,51.0,1.0,1.0,195.0717336163139,517.3172156511457,-0.29
-0.28,7.0,51.0,1.0,1.0,195.08782980993007,517.1347427415474,-0.28
-0.27,7.0,51.0,1.0,1.0,195.10826003866248,517.0049920897848,-0.27
-0.26,7.0,51.0,1.0,1.0,195.1299758210439,516.9235050911776,-0.26
-0.25,7.0,51.0,1.0,1.0,195.15155238135932,516.8843681007199,-0.25
-0.24,7.0,51.0,1.0,1.0,195.1726555175171,516.8808541864366,-0.24
-0.23,7.0,51.0,1.0,1.0,195.19360968742654,516.9060408418513,-0.23
-0.22,7.0,51.0,1.0,1.0,195.21500631444152,516.9533227087213,-0.22
-0.21,7.0,51.0,1.0,1.0,195.2374393747139,517.0167505843344,-0.21
-0.2,7.0,51.0,1.0,1.0,195.2613861515027,517.0911953838287,-0.2
-0.19,7.0,51.0,1.0,1.0,195.28715569383863,517.1723837539818,-0.19
-0.18,7.0,51.0,1.0,1.0,195.31486657838124,517.2568571495775,-0.18
-0.17,7.0,51.0,1.0,1.0,195.34444441059551,517.3418896986303,-0.17
-0.16,7.0,51.0,1.0,1.0,195.3756338893512,517.4253883690554,-0.16
-0.15,7.0,51.0,1.0,1.0,196.43537937800374,518.0649376663955,-0.15
-0.14,7.0,51.0,1.0,1.0,198.28177223453625,517.2669840636305,-0.14
-0.13,7.0,51.0,1.0,1.0,200.3399970615081,517.5817505038091,-0.13
-0.12,7.0,51.0,1.0,1.0,202.03184704937695,504.87471640534955,-0.12
-0.11,7.0,51.0,1.0,1.0,202.8227598776527,529.4958556998356,-0.11
-0.1,7.0,51.0,1.0,1.0,204.14396681863943,518.2838087097177,-0.1
-0.09,7.0,51.0,1.0,1.0,206.31871838129473,518.232198542066,-0.09
-0.08,7.0,51.0,1.0,1.0,208.2797302574073,499.85853750027724,-0.08
-0.07,7.0,51.0,1.0,1.0,208.9602284009581,479.8356747098803,-0.07
-0.06,7.0,51.0,1.0,1.0,210.22406665611737,521.7069314838469,-0.06
-0.05,7.0,51.0,1.0,1.0,212.0939090421067,504.48409666205794,-0.05
-0.04,7.0,51.0,1.0,1.0,212.7452046403431,517.4093080256499,-0.04
-0.03,7.0,51.0,1.0,1.0,215.29623225100303,505.96071979935317,-0.03
-0.02,7.0,51.0,1.0,1.0,215.9547539177928,494.38631043164503,-0.02
-0.01,7.0,51.0,1.0,1.0,216.43824852520316,518.6077039234066,-0.01
0.0,7.0,51.0,1.0,1.0,218.3059510634505,518.7417800881672,0.0
-1.0,8.0,51.0,1.0,1.0,191.68826076985079,518.4934664444804,-1.0
-0.99,8.0,51.0,1.0,1.0,191.74470049313717,518.4786797860318,-0.99
-0.98,8.0,51.0,1.0,1.0,191.8163569607746,518.4634514962911,-0.98
-0.97,8.0,51.0,1.0,1.0,191.88960855984448,518.4477988145114,-0.97
-0.96,8.0,51.0,1.0,1.0,191.92716190038075,518.4317327922888,-0.96
-0.95,8.0,51.0,1.0,1.0,191.96586649809413,518.4153624383015,-0.95
-0.94,8.0,51.0,1.0,1.0,192.00527900162925,518.3989456377207,-0.94
-0.93,8.0,51.0,1.0,1.0,192.0453868595592,518.3822922221754,-0.93
-0.92,8.0,51.0,1.0,1.0,192.0896726366491,518.3654102202439,-0.92
-0.91,8.0,51.0,1.0,1.0,192.14145372711414,518.3483060415192,-0.91
-0.9,8.0,51.0,1.0,1.0,192.1897825366115,518.330986080029,-0.9
-0.89,8.0,51.0,1.0,1.0,192.21845036403744,518.313458066148,-0.89
-0.88,8.0,51.0,1.0,1.0,192.23909122377108,518.2957313907187,-0.88
-0.87,8.0,51.0,1.0,1.0,192.26774778980555,518.2778170270025,-0.87
-0.86,8.0,51.0,1.0,1.0,192.29736729084533,518.2597269652307,-0.86
-0.85,8.0,51.0,1.0,1.0,192.3316531366882,518.2414736601855,-0.85
-0.84,8.0,51.0,1.0,1.0,192.35935922144105,518.2230693428421,-0.84
-0.83,8.0,51.0,1.0,1.0,192.38673616050153,518.2045254677972,-0.83
-0.82,8.0,51.0,1.0,1.0,192.41656263467905,518.1858525812416,-0.82
-0.81,8.0,51.0,1.0,1.0,192.4496028068167,518.1670602466878,-0.81
-0.8,8.0,51.0,1.0,1.0,192.4876639402619,518.1481573480647,-0.8
-0.79,8.0,51.0,1.0,1.0,192.52963884988097,518.129151072563,-0.79
-0.78,8.0,51.0,1.0,1.0,192.5740582843325,518.1100483002436,-0.78
-0.77,8.0,51.0,1.0,1.0,192.62061093441307,518.090854882935,-0.77
-0.76,8.0,51.0,1.0,1.0,192.66900844781188,518.0715759618707,-0.76
-0.75,8.0,51.0,1.0,1.0,192.7188785065442,518.0522160536611,-0.75
-0.74,8.0,51.0,1.0,1.0,192.76976080168237,518.0327791192808,-0.74
-0.73,8.0,51.0,1.0,1.0,192.82119048083183,518.0132686209984,-0.73
-0.72,8.0,51.0,1.0,1.0,192.87280238222615,517.9936875686731,-0.72
-0.71,8.0,51.0,1.0,1.0,192.9243732193888,517.9740385548516,-0.71
-0.7,8.0,51.0,1.0,1.0,192.97579742835183,517.954323778488,-0.7
-0.69,8.0,51.0,1.0,1.0,193.02705333781535,517.9345450583953,-0.69
-0.68,8.0,51.0,1.0,1.0,193.07826016292526,517.9147038305969,-0.68
-0.67,8.0,51.0,1.0,1.0,193.1278217367226,517.8948011773936,-0.67
-0.66,8.0,51.0,1.0,1.0,193.17656195260494,517.874837785477,-0.66
-0.65,8.0,51.0,1.0,1.0,193.22519660843753,517.8548139580444,-0.65
-0.64,8.0,51.0,1.0,1.0,193.27365604177513,517.834729602928,-0.64
-0.63,8.0,51.0,1.0,1.0,193.32191784402622,517.8145842153908,-0.63
-0.62,8.0,51.0,1.0,1.0,193.36998253963557,517.7943768576431,-0.62
-0.61,8.0,51.0,1.0,1.0,193.4178585052581,517.7741061324788,-0.61
-0.6,8.0,51.0,1.0,1.0,193.46460961460198,517.7534510092471,-0.6
-0.59,8.0,51.0,1.0,1.0,193.50882527137782,517.7319497585396,-0.59
-0.58,8.0,51.0,1.0,1.0,193.55288753183956,517.7103247067246,-0.58
-0.57,8.0,51.0,1.0,1.0,193.5940895003327,517.6885637145264,-0.57
-0.56,8.0,51.0,1.0,1.0,193.6344051671069,517.6666529537949,-0.56
-0.55,8.0,51.0,1.0,1.0,193.67466987861135,517.6445767211237,-0.55
-0.54,8.0,51.0,1.0,1.0,193.715123862936,517.6223171410016,-0.54
-0.53,8.0,51.0,1.0,1.0,193.7565090604976,517.5998538222268,-0.53
-0.52,8.0,51.0,1.0,1.0,193.79997613386286,517.5771633793825,-0.52
-0.51,8.0,51.0,1.0,1.0,193.84667333094194,517.5542188000875,-0.51
-0.5,8.0,51.0,1.0,1.0,193.89742051376678,517.5309886273653,-0.5
-0.49,8.0,51.0,1.0,1.0,193.95291597737088,517.5074358770413,-0.49
-0.48,8.0,51.0,1.0,1.0,194.01542424693616,517.483516282678,-0.48
-0.47,8.0,51.0,1.0,1.0,194.0833015076791,517.4591774943391,-0.47
-0.46,8.0,51.0,1.0,1.0,194.1546151149867,517.4343565935889,-0.46
-0.45,8.0,51.0,1.0,1.0,194.22440989057696,517.4089801747988,-0.45
-0.44,8.0,51.0,1.0,1.0,194.2989607406376,517.3829635299345,-0.44
-0.43,8.0,51.0,1.0,1.0,194.37976642470153,517.3562139745021,-0.43
-0.42,8.0,51.0,1.0,1.0,194.45225151008586,517.3286380836728,-0.42
-0.41,8.0,51.0,1.0,1.0,194.48706996428126,517.3001501259632,-0.41
-0.4,8.0,51.0,1.0,1.0,194.53877342790076,517.2706784265563,-0.4
-0.39,8.0,51.0,1.0,1.0,194.59811603427525,517.2401635227693,-0.39
-0.38,8.0,51.0,1.0,1.0,194.6488377074208,517.2088469450621,-0.38
-0.37,8.0,51.0,1.0,1.0,194.7128609422866,517.1766997120952,-0.37
-0.36,8.0,51.0,1.0,1.0,194.7132101401823,517.142529488681,-0.36
-0.35,8.0,51.0,1.0,1.0,194.73161169891586,517.1061592988437,-0.35
-0.34,8.0,51.0,1.0,1.0,194.7536737919636,517.0673470396653,-0.34
-0.33,8.0,51.0,1.0,1.0,194.7857648358604,517.0257768580504,-0.33
-0.32,8.0,51.0,1.0,1.0,194.8266864810208,516.9810633591248,-0.32
-0.31,8.0,51.0,1.0,1.0,194.87754187802412,516.9327368610541,-0.31
-0.3,8.0,51.0,1.0,1.0,194.94245125995192,516.8802357231225,-0.3
-0.29,8.0,51.0,1.0,1.0,195.02192310240835,516.8228939578854,-0.29
-0.28,8.0,51.0,1.0,1.0,195.10293424956956,516.7599125791542,-0.28
-0.27,8.0,51.0,1.0,1.0,195.18709908837369,516.6903425066007,-0.27
-0.26,8.0,51.0,1.0,1.0,195.25520299297506,516.6131528010135,-0.26
-0.25,8.0,51.0,1.0,1.0,195.34687037550742,516.5274475597845,-0.25
-0.24,8.0,51.0,1.0,1.0,195.34156632584833,516.302066349392,-0.24
-0.23,8.0,51.0,1.0,1.0,195.2771208711816,514.4937410488816,-0.23
-0.22,8.0,51.0,1.0,1.0,195.28169420127557,514.0129639257508,-0.22
-0.21,8.0,51.0,1.0,1.0,195.20673993710793,513.8940133731113,-0.21
-0.2,8.0,51.0,1.0,1.0,195.1501548048962,513.3149155994932,-0.2
-0.19,8.0,51.0,1.0,1.0,195.09932579534444,512.4581370115188,-0.19
-0.18,8.0,51.0,1.0,1.0,195.2423675696513,511.2102887874396,-0.18
-0.17,8.0,51.0,1.0,1.0,195.2421245977024,510.57169278840695,-0.17
-0.16,8.0,51.0,1.0,1.0,195.1493456378589,509.6502400449171,-0.16
-0.15,8.0,51.0,1.0,1.0,196.14476648518237,532.8130108647847,-0.15
-0.14,8.0,51.0,1.0,1.0,196.70410921407426,516.2421446444607,-0.14
-0.13,8.0,51.0,1.0,1.0,198.60399997675418,515.6168228930325,-0.13
-0.12,8.0,51.0,1.0,1.0,200.42409249556857,515.8705147018466,-0.12
-0.11,8.0,51.0,1.0,1.0,202.66072381131895,515.8245639654554,-0.11
-0.1,8.0,51.0,1.0,1.0,204.2352549572685,502.6688120626299,-0.1
-0.09,8.0,51.0,1.0,1.0,205.48614269260824,530.6297899952646,-0.09
-0.08,8.0,51.0,1.0,1.0,206.44755353400888,516.3869528346861,-0.08
-0.07,8.0,51.0,1.0,1.0,207.9639779336024,479.2992695298858,-0.07
-0.06,8.0,51.0,1.0,1.0,208.96034565796904,516.1626594344302,-0.06
-0.05,8.0,51.0,1.0,1.0,211.21006923106688,504.7723559106109,-0.05
-0.04,8.0,51.0,1.0,1.0,211.92816806839886,472.5844283747328,-0.04
-0.03,8.0,51.0,1.0,1.0,213.16431954538547,498.238445148079,-0.03
-0.02,8.0,51.0,1.0,1.0,214.1971769688972,516.6867547846076,-0.02
-0.01,8.0,51.0,1.0,1.0,217.58861401481917,530.1728397979007,-0.01
0.0,8.0,51.0,1.0,1.0,216.9463195239913,526.7008309779396,0.0
-1.0,9.0,51.0,1.0,1.0,190.5067818159657,517.5982791640504,-1.0
-0.99,9.0,51.0,1.0,1.0,190.53306857602118,517.5741921252215,-0.99
-0.98,9.0,51.0,1.0,1.0,190.59859869997413,517.5501260299666,-0.98
-0.97,9.0,51.0,1.0,1.0,190.73690391509226,517.5260806076382,-0.97
-0.96,9.0,51.0,1.0,1.0,190.71794976239602,517.5020556177294,-0.96
-0.95,9.0,51.0,1.0,1.0,190.74010741417922,517.4780506099148,-0.95
-0.94,9.0,51.0,1.0,1.0,190.90404330523617,517.4540650956493,-0.94
-0.93,9.0,51.0,1.0,1.0,190.96736061404255,517.4300984028456,-0.93
-0.92,9.0,51.0,1.0,1.0,190.91811969236312,517.4061496283437,-0.92
-0.91,9.0,51.0,1.0,1.0,191.00255988147725,517.3822174819342,-0.91
-0.9,9.0,51.0,1.0,1.0,191.10840539511028,517.3583002120054,-0.9
-0.89,9.0,51.0,1.0,1.0,191.16094302099256,517.3343953835675,-0.89
-0.88,9.0,51.0,1.0,1.0,191.1470753119699,517.3104996308858,-0.88
-0.87,9.0,51.0,1.0,1.0,191.3225962458434,517.2866083371538,-0.87
-0.86,9.0,51.0,1.0,1.0,191.3273995303081,517.2627152194915,-0.86
-0.85,9.0,51.0,1.0,1.0,191.39202037009346,517.238811802193,-0.85
-0.84,9.0,51.0,1.0,1.0,191.37914080710013,517.2148867597697,-0.84
-0.83,9.0,51.0,1.0,1.0,191.41898966260794,517.1911574488391,-0.83
-0.82,9.0,51.0,1.0,1.0,191.46576099382997,517.167523960251,-0.82
-0.81,9.0,51.0,1.0,1.0,191.5582581861136,517.1438864896463,-0.81
-0.8,9.0,51.0,1.0,1.0,191.60709756832114,517.1202399961938,-0.8
-0.79,9.0,51.0,1.0,1.0,191.65517073656056,517.0965865559806,-0.79
-0.78,9.0,51.0,1.0,1.0,191.5544247223685,517.0729317169839,-0.78
-0.77,9.0,51.0,1.0,1.0,191.64170621237523,517.0492815591193,-0.77
-0.76,9.0,51.0,1.0,1.0,191.74878468504554,517.025639454086,-0.76
-0.75,9.0,51.0,1.0,1.0,191.6769538583087,517.0020116297799,-0.75
-0.74,9.0,51.0,1.0,1.0,191.6746263090018,516.9783993175986,-0.74
-0.73,9.0,51.0,1.0,1.0,191.8700608898726,516.9548027857159,-0.73
-0.72,9.0,51.0,1.0,1.0,191.74436422068442,516.931222190208,-0.72
-0.71,9.0,51.0,1.0,1.0,191.76916363280313,516.9076575608061,-0.71
-0.7,9.0,51.0,1.0,1.0,191.80125469028962,516.8841088586452,-0.7
-0.69,9.0,51.0,1.0,1.0,191.79675116581674,516.860575988803,-0.69
-0.68,9.0,51.0,1.0,1.0,191.8603956567138,516.8370588214866,-0.68
-0.67,9.0,51.0,1.0,1.0,191.95072981284545,516.813557212034,-0.67
-0.66,9.0,51.0,1.0,1.0,191.94565609587318,516.7900710083007,-0.66
-0.65,9.0,51.0,1.0,1.0,191.98274485660966,516.7666000475464,-0.65
-0.64,9.0,51.0,1.0,1.0,192.04823747730467,516.7431441708081,-0.64
-0.63,9.0,51.0,1.0,1.0,192.14044394226661,516.7197032152285,-0.63
-0.62,9.0,51.0,1.0,1.0,192.17114495255927,516.6962769887472,-0.62
-0.61,9.0,51.0,1.0,1.0,192.33714415333938,516.672865232446,-0.61
-0.6,9.0,51.0,1.0,1.0,192.29706807804698,516.6494676458335,-0.6
-0.59,9.0,51.0,1.0,1.0,192.33564999339333,516.6260843500503,-0.59
-0.58,9.0,51.0,1.0,1.0,192.46262360643397,516.6027163313358,-0.58
-0.57,9.0,51.0,1.0,1.0,192.3863639674962,516.5793618945701,-0.57
-0.56,9.0,51.0,1.0,1.0,192.47741116897555,516.5560211198048,-0.56
-0.55,9.0,51.0,1.0,1.0,192.44548726260018,516.5326939539857,-0.55
-0.54,9.0,51.0,1.0,1.0,192.52021697801243,516.5093802843141,-0.54
-0.53,9.0,51.0,1.0,1.0,192.56742100848015,516.4860799755573,-0.53
-0.52,9.0,51.0,1.0,1.0,192.58307942635713,516.4627928877532,-0.52
-0.51,9.0,51.0,1.0,1.0,192.6221441240764,516.4395188709109,-0.51
-0.5,9.0,51.0,1.0,1.0,192.653304831937,516.4162577792627,-0.5
-0.49,9.0,51.0,1.0,1.0,192.7382642278998,516.3930094664827,-0.49
-0.48,9.0,51.0,1.0,1.0,192.76432717073664,516.3697737870021,-0.48
-0.47,9.0,51.0,1.0,1.0,192.856485376963,516.3465505914196,-0.47
-0.46,9.0,51.0,1.0,1.0,192.9093995590179,516.3233397297723,-0.46
-0.45,9.0,51.0,1.0,1.0,192.93783510884347,516.3001410559094,-0.45
-0.44,9.0,51.0,1.0,1.0,192.98703113082058,516.2769544393024,-0.44
-0.43,9.0,51.0,1.0,1.0,193.068786521781,516.2537798766296,-0.43
-0.42,9.0,51.0,1.0,1.0,193.07361014310825,516.2306170856479,-0.42
-0.41,9.0,51.0,1.0,1.0,193.10450701213642,516.2074659419713,-0.41
-0.4,9.0,51.0,1.0,1.0,193.19796818512953,516.1843263262621,-0.4
-0.39,9.0,51.0,1.0,1.0,193.2274014703013,516.1611981169239,-0.39
-0.38,9.0,51.0,1.0,1.0,193.24012118914456,516.1380811905183,-0.38
-0.37,9.0,51.0,1.0,1.0,193.26870408609162,516.1149754257858,-0.37
-0.36,9.0,51.0,1.0,1.0,193.31794226682902,516.0918807032677,-0.36
-0.35,9.0,51.0,1.0,1.0,193.3814046383148,516.068796905552,-0.35
-0.34,9.0,51.0,1.0,1.0,193.42895712437206,516.0457239173141,-0.34
-0.33,9.0,51.0,1.0,1.0,193.47269758281013,516.0226616252215,-0.33
-0.32,9.0,51.0,1.0,1.0,193.5359057772632,515.9996099177995,-0.32
-0.31,9.0,51.0,1.0,1.0,193.5882529358767,515.9765686852874,-0.31
-0.3,9.0,51.0,1.0,1.0,193.6630463205979,515.9535378194496,-0.3
-0.29,9.0,51.0,1.0,1.0,193.74958738408654,515.9305172133435,-0.29
-0.28,9.0,51.0,1.0,1.0,193.78641381308364,515.9075067610005,-0.28
-0.27,9.0,51.0,1.0,1.0,193.8448455026565,515.8845063570249,-0.27
-0.26,9.0,51.0,1.0,1.0,193.88390186970642,515.8615158961318,-0.26
-0.25,9.0,51.0,1.0,1.0,193.9294313376166,515.8385352726771,-0.25
-0.24,9.0,51.0,1.0,1.0,193.97829732548192,515.8155643801814,-0.24
-0.23,9.0,51.0,1.0,1.0,194.02679597475998,515.7926031108923,-0.23
-0.22,9.0,51.0,1.0,1.0,194.073552585921,515.7696513553743,-0.22
-0.21,9.0,51.0,1.0,1.0,194.11835047605157,515.7467090021373,-0.21
-0.2,9.0,51.0,1.0,1.0,194.16217519615455,515.7237759373014,-0.2
-0.19,9.0,51.0,1.0,1.0,194.20760235879072,515.7008520443081,-0.19
-0.18,9.0,51.0,1.0,1.0,194.25918388195663,515.6779372036946,-0.18
-0.17,9.0,51.0,1.0,1.0,194.30084801853454,515.6550312929487,-0.17
-0.16,9.0,51.0,1.0,1.0,194.3389839024954,515.6321341864864,-0.16
-0.15,9.0,51.0,1.0,1.0,195.60104006494578,514.9867523796995,-0.15
-0.14,9.0,51.0,1.0,1.0,196.82389376385487,498.7113949353118,-0.14
-0.13,9.0,51.0,1.0,1.0,198.71502250287637,524.5144089613594,-0.13
-0.12,9.0,51.0,1.0,1.0,199.4386360452019,514.0790864047743,-0.12
-0.11,9.0,51.0,1.0,1.0,201.4952922931134,514.0608378195235,-0.11
-0.1,9.0,51.0,1.0,1.0,202.85989618149796,483.59409243801207,-0.1
-0.09,9.0,51.0,1.0,1.0,204.67140087906952,464.3812420570295,-0.09
-0.08,9.0,51.0,1.0,1.0,206.55739404468892,522.8108359272583,-0.08
-0.07,9.0,51.0,1.0,1.0,206.9306500235609,498.6408319662451,-0.07
-0.06,9.0,51.0,1.0,1.0,208.2038641088006,489.4578646254042,-0.06
-0.05,9.0,51.0,1.0,1.0,209.39933368371496,514.6153577990357,-0.05
-0.04,9.0,51.0,1.0,1.0,210.8677653599529,512.0246616076275,-0.04
-0.03,9.0,51.0,1.0,1.0,212.2433526693384,468.6037261955061,-0.03
-0.02,9.0,51.0,1.0,1.0,214.36578886153407,515.1287507424929,-0.02
-0.01,9.0,51.0,1.0,1.0,215.08203581499697,515.0820032728163,-0.01
0.0,9.0,51.0,1.0,1.0,216.1799229353474,514.9320371004245,0.0
-1.0,10.0,51.0,1.0,1.0,190.2277840836937,513.1289339699315,-1.0
-0.99,10.0,51.0,1.0,1.0,190.22456971945408,513.1003333939815,-0.99
-0.98,10.0,51.0,1.0,1.0,190.36096028537995,513.0717649691187,-0.98
-0.97,10.0,51.0,1.0,1.0,190.4305505526644,513.0432286097098,-0.97
-0.96,10.0,51.0,1.0,1.0,190.39534927479298,513.0147242150815,-0.96
-0.95,10.0,51.0,1.0,1.0,190.73453597444708,512.9862516547466,-0.95
-0.94,10.0,51.0,1.0,1.0,190.69849510122683,512.9578113100786,-0.94
-0.93,10.0,51.0,1.0,1.0,190.51316830712113,512.9294027551049,-0.93
-0.92,10.0,51.0,1.0,1.0,190.62645230081472,512.9010258377593,-0.92
-0.91,10.0,51.0,1.0,1.0,190.5661766543345,512.8726805328055,-0.91
-0.9,10.0,51.0,1.0,1.0,190.66378013699645,512.8443667960348,-0.9
-0.89,10.0,51.0,1.0,1.0,190.6113433039411,512.8160845647791,-0.89
-0.88,10.0,51.0,1.0,1.0,190.6458448063438,512.7878337694535,-0.88
-0.87,10.0,51.0,1.0,1.0,190.68433588726592,512.7596143391839,-0.87
-0.86,10.0,51.0,1.0,1.0,190.77704517256637,512.7314262033506,-0.86
-0.85,10.0,51.0,1.0,1.0,190.97314022413454,512.7032692907287,-0.85
-0.84,10.0,51.0,1.0,1.0,191.00916912378128,512.6751435346035,-0.84
-0.83,10.0,51.0,1.0,1.0,190.88303045087045,512.6470488638735,-0.83
-0.82,10.0,51.0,1.0,1.0,190.94523930523968,512.6189852097764,-0.82
-0.81,10.0,51.0,1.0,1.0,190.99581139735147,512.5909525047082,-0.81
-0.8,10.0,51.0,1.0,1.0,191.05740958335127,512.5629506808516,-0.8
-0.79,10.0,51.0,1.0,1.0,191.117028939046,512.5349796719174,-0.79
-0.78,10.0,51.0,1.0,1.0,191.071276289747,512.5070394101338,-0.78
-0.77,10.0,51.0,1.0,1.0,191.21997880940407,512.4791298287727,-0.77
-0.76,10.0,51.0,1.0,1.0,191.4336897454924,512.4512508600724,-0.76
-0.75,10.0,51.0,1.0,1.0,191.27420622625664,512.4234024366369,-0.75
-0.74,10.0,51.0,1.0,1.0,191.28756989742482,512.3955844869498,-0.74
-0.73,10.0,51.0,1.0,1.0,191.83721783015318,512.3677969377402,-0.73
-0.72,10.0,51.0,1.0,1.0,192.02876386232302,512.3400397103248,-0.72
-0.71,10.0,51.0,1.0,1.0,191.4820405030466,512.3123127191867,-0.71
-0.7,10.0,51.0,1.0,1.0,191.53862880075962,512.2846158676489,-0.7
-0.69,10.0,51.0,1.0,1.0,191.98628447741268,512.2569490449406,-0.69
-0.68,10.0,51.0,1.0,1.0,191.9383704309917,512.2293121203307,-0.68
-0.67,10.0,51.0,1.0,1.0,192.43969968707034,512.2017049366422,-0.67
-0.66,10.0,51.0,1.0,1.0,191.7883047997116,512.1741273019553,-0.66
-0.65,10.0,51.0,1.0,1.0,191.98177538787337,512.1465789797389,-0.65
-0.64,10.0,51.0,1.0,1.0,192.15874349351674,512.1190596769576,-0.64
-0.63,10.0,51.0,1.0,1.0,191.8097241719985,512.0915690302705,-0.63
-0.62,10.0,51.0,1.0,1.0,192.05982162988516,512.0641065902666,-0.62
-0.61,10.0,51.0,1.0,1.0,192.1425458391595,512.0366718038928,-0.61
-0.6,10.0,51.0,1.0,1.0,192.33428947544078,512.0092661432593,-0.6
-0.59,10.0,51.0,1.0,1.0,192.26811841642328,511.98190881157177,-0.59
-0.58,10.0,51.0,1.0,1.0,192.20830294426767,511.95457946343834,-0.58
-0.57,10.0,51.0,1.0,1.0,192.28215042561126,511.92727769266156,-0.57
-0.56,10.0,51.0,1.0,1.0,192.4214466278031,511.9000035850284,-0.56
-0.55,10.0,51.0,1.0,1.0,192.34791011881498,511.8727574379808,-0.55
-0.54,10.0,51.0,1.0,1.0,192.40393260732532,511.8455396045238,-0.54
-0.53,10.0,51.0,1.0,1.0,192.33266668471205,511.8183504006576,-0.53
-0.52,10.0,51.0,1.0,1.0,192.47666622236838,511.7911900653823,-0.52
-0.51,10.0,51.0,1.0,1.0,192.65544388553874,511.76405875615416,-0.51
-0.5,10.0,51.0,1.0,1.0,192.46839729325183,511.7369565624287,-0.5
-0.49,10.0,51.0,1.0,1.0,192.43575237796887,511.7098835245445,-0.49
-0.48,10.0,51.0,1.0,1.0,192.52703329242763,511.68283964214,-0.48
-0.47,10.0,51.0,1.0,1.0,193.1376523392044,511.65582492116704,-0.47
-0.46,10.0,51.0,1.0,1.0,192.54156203798487,511.6288393371519,-0.46
-0.45,10.0,51.0,1.0,1.0,192.561850000985,511.6018828617851,-0.45
-0.44,10.0,51.0,1.0,1.0,192.64750021079143,511.57495546692587,-0.44
-0.43,10.0,51.0,1.0,1.0,192.84702124939832,511.54805712493936,-0.43
-0.42,10.0,51.0,1.0,1.0,192.67414463251887,511.52118780916476,-0.42
-0.41,10.0,51.0,1.0,1.0,192.64130281048853,511.49434749375956,-0.41
-0.4,10.0,51.0,1.0,1.0,192.7424135083531,511.4675361541847,-0.4
-0.39,10.0,51.0,1.0,1.0,192.85891075212828,511.4407537670992,-0.39
-0.38,10.0,51.0,1.0,1.0,192.81107109140285,511.41400031049045,-0.38
-0.37,10.0,51.0,1.0,1.0,192.76734437045815,511.38727576361384,-0.37
-0.36,10.0,51.0,1.0,1.0,192.96911586150497,511.36058010711304,-0.36
-0.35,10.0,51.0,1.0,1.0,192.8929973161295,511.33391332298714,-0.35
-0.34,10.0,51.0,1.0,1.0,192.96054064134754,511.30727539460116,-0.34
-0.33,10.0,51.0,1.0,1.0,193.64483630851936,511.2806663067111,-0.33
-0.32,10.0,51.0,1.0,1.0,193.1016546048113,511.2540860455179,-0.32
-0.31,10.0,51.0,1.0,1.0,193.19098000023826,511.22753459850134,-0.31
-0.3,10.0,51.0,1.0,1.0,193.09035316512697,511.20101195462274,-0.3
-0.29,10.0,51.0,1.0,1.0,193.19139516319783,511.174518104234,-0.29
-0.28,10.0,51.0,1.0,1.0,193.15585580193152,511.14805303909316,-0.28
-0.27,10.0,51.0,1.0,1.0,193.2117799357172,511.1216167523683,-0.27
-0.26,10.0,51.0,1.0,1.0,193.29771903742,511.0952092386397,-0.26
-0.25,10.0,51.0,1.0,1.0,193.3964520697208,511.06883049390217,-0.25
-0.24,10.0,51.0,1.0,1.0,193.4522321501731,511.0424805155637,-0.24
-0.23,10.0,51.0,1.0,1.0,193.44908793104022,511.0161593024491,-0.23
-0.22,10.0,51.0,1.0,1.0,193.50634559264515,510.9898668547953,-0.22
-0.21,10.0,51.0,1.0,1.0,193.5251890193637,510.9636031742529,-0.21
-0.2,10.0,51.0,1.0,1.0,193.57983795053477,510.9373682638831,-0.2
-0.19,10.0,51.0,1.0,1.0,193.65631430979428,510.91116212815535,-0.19
-0.18,10.0,51.0,1.0,1.0,193.65901843248167,510.88498477294263,-0.18
-0.17,10.0,51.0,1.0,1.0,193.78996969449594,510.8588362055192,-0.17
-0.16,10.0,51.0,1.0,1.0,193.74359064157065,510.8327164345552,-0.16
-0.15,10.0,51.0,1.0,1.0,195.80210552260246,503.7569300787731,-0.15
-0.14,10.0,51.0,1.0,1.0,196.7895479127815,487.38902781930625,-0.14
-0.13,10.0,51.0,1.0,1.0,197.76779128134805,479.16678642088056,-0.13
-0.12,10.0,51.0,1.0,1.0,199.23153691269496,510.9468376626114,-0.12
-0.11,10.0,51.0,1.0,1.0,201.1273504471646,509.5033461366172,-0.11
-0.1,10.0,51.0,1.0,1.0,202.31510194314924,482.2362585542125,-0.1
-0.09,10.0,51.0,1.0,1.0,203.9600279776902,507.88016711042883,-0.09
-0.08,10.0,51.0,1.0,1.0,205.04943963306454,509.35659872168407,-0.08
-0.07,10.0,51.0,1.0,1.0,206.59511887959047,506.32185370137427,-0.07
-0.06,10.0,51.0,1.0,1.0,207.8457687076395,469.3959398521374,-0.06
-0.05,10.0,51.0,1.0,1.0,209.9953295386145,510.7395987693406,-0.05
-0.04,10.0,51.0,1.0,1.0,210.50951761610858,510.68649807715826,-0.04
-0.03,10.0,51.0,1.0,1.0,211.7904869468856,506.7996490082316,-0.03
-0.02,10.0,51.0,1.0,1.0,214.5615324104403,510.7238668898213,-0.02
-0.01,10.0,51.0,1.0,1.0,214.75028662085995,511.7738397872782,-0.01
0.0,10.0,51.0,1.0,1.0,216.5410188963749,511.71172832024206,0.0
