MagCAPShock,Decay_hard,reliab_total,reliab_avg,reliab_min,d_end,π_end,Δμ_pc
-1.0,0.025,49.47984066033252,0.9701929541241671,0.5770257776008105,131.45468409208266,593.349382570946,-1.0
-0.99,0.025,49.53189367023313,0.9712136013771202,0.5878013239232502,142.67245393790137,582.1670082035711,-0.99
-0.98,0.025,49.58462630294805,0.9722475745676089,0.5985768702456901,148.3183109316848,573.5369591526894,-0.98
-0.97,0.025,49.637409224575066,0.9732825338151974,0.6093524165681298,136.2515467173114,621.7369999120132,-0.97
-0.96,0.025,49.684008910942524,0.9741962531557358,0.6201279628905696,158.64184248711075,566.220138385854,-0.96
-0.95,0.025,49.727132662152556,0.9750418169049521,0.6309035092130094,160.40076335697987,561.6413537004674,-0.95
-0.94,0.025,49.770224003757846,0.9758867451717225,0.6416790555354492,152.71384773034464,558.6742472044975,-0.94
-0.93,0.025,49.81328216447799,0.9767310228329018,0.6524546018578891,195.03859136233385,556.033869647159,-0.93
-0.92,0.025,49.85637527418318,0.9775759857682976,0.6632301481803288,182.41390884286602,556.2440037034905,-0.92
-0.91,0.025,49.899431410392204,0.9784202237331805,0.6740056945027683,195.15543774341683,549.7654860940779,-0.91
-0.9,0.025,49.94244843397254,0.9792636947837753,0.6847812408252083,211.6833902386187,544.2330215765685,-0.9
-0.89,0.025,49.98542482326008,0.980106369083531,0.6955567871476477,220.00343700939217,542.2027905256305,-0.89
-0.88,0.025,50.028353398523684,0.9809481058534055,0.7063323334700877,207.2364712850847,534.9563543329455,-0.88
-0.87,0.025,50.07122897948619,0.9817888035193372,0.7171078797925272,212.69481928590614,522.3333857177508,-0.87
-0.86,0.025,50.11546573608704,0.9826561909036674,0.7278834261149674,220.2759790437994,526.1197289085083,-0.86
-0.85,0.025,50.15866376419475,0.9835032110626422,0.7386589724374069,227.63631513150654,520.9241390060846,-0.85
-0.84,0.025,50.20171432813778,0.9843473397674075,0.7494345187598469,233.60626072711696,520.4301354981853,-0.84
-0.83,0.025,50.24470909660187,0.985190374443174,0.7602100650822865,236.33182154073242,520.6553949219874,-0.83
-0.82,0.025,50.28770232299368,0.9860333788822291,0.7709856114047264,244.12247933242116,520.9911984210194,-0.82
-0.81,0.025,50.33071221378206,0.986876710074158,0.781761157727166,253.71664059745117,521.3460957249599,-0.81
-0.8,0.025,50.373950152369886,0.9877245127915664,0.7925367040496057,276.68071303389974,521.5581706034006,-0.8
-0.79,0.025,50.41643073815537,0.9885574654540269,0.8033122503720457,273.6392415615573,519.3263672587568,-0.79
-0.78,0.025,50.45857619792962,0.9893838470182278,0.8140877966944855,281.2208384741006,516.5828921780704,-0.78
-0.77,0.025,50.50066337654626,0.9902090858146325,0.8248633430169251,282.1832706964199,514.0320148898829,-0.77
-0.76,0.025,50.5351909870036,0.9908860977843844,0.835638889339365,284.6973175546403,510.76571442760854,-0.76
-0.75,0.025,50.56729690271854,0.9915156255435008,0.8464144356618047,288.133501950764,507.2798177128149,-0.75
-0.74,0.025,50.59937394254986,0.9921445871088208,0.8571899819842447,289.93551814397154,503.77159733507216,-0.74
-0.73,0.025,50.63142123099646,0.9927729653136561,0.867965528306684,289.5047645171964,500.23912220555945,-0.73
-0.72,0.025,50.663437866064555,0.9934007424718541,0.878741074629124,292.8090958735303,496.68008366116504,-0.72
-0.71,0.025,50.69542296752103,0.9940279013239418,0.8895166209515638,296.5689561440961,493.0916780187909,-0.71
-0.7,0.025,50.72737575041711,0.9946544264787669,0.9002921672740035,295.6136778698864,489.4703113484399,-0.7
-0.69,0.025,50.759295637884286,0.9952803066251821,0.9110677135964433,297.4056033768059,485.8109067554764,-0.69
-0.68,0.025,50.79118244712173,0.9959055381788574,0.9218432599188828,306.3847966711046,482.1052500547214,-0.68
-0.67,0.025,50.823036749498726,0.9965301323431123,0.9326188062413228,325.64603941591116,478.33727809292236,-0.67
-0.66,0.025,50.85486073530889,0.9971541320648802,0.9433943525637623,325.94270142311507,474.4689283676482,-0.66
-0.65,0.025,50.88666069397009,0.9977776606660802,0.9541698988862024,326.2429216358501,470.3955564757779,-0.65
-0.64,0.025,50.91845473333508,0.9984010732026487,0.9649454452086419,326.5480752954202,465.74534557802497,-0.64
-0.63,0.025,50.95029598889713,0.9990254115470026,0.9757209915310822,326.862413410098,459.9532164227242,-0.63
-0.62,0.025,50.98232797309232,0.9996534896684768,0.9864965378535215,327.197264608467,454.3916434079841,-0.62
-0.61,0.025,50.99727208417596,0.9999465114544306,0.9972720841759617,327.5712952410616,454.92268629631207,-0.61
-0.6,0.025,51.0,1.0,1.0,327.99342777993803,455.3101336535247,-0.6
-0.59,0.025,51.0,1.0,1.0,328.27830881438905,447.57563436007814,-0.59
-0.58,0.025,51.0,1.0,1.0,328.5633050961855,441.996018257523,-0.58
-0.57,0.025,51.0,1.0,1.0,328.84871671429806,437.52477431317584,-0.57
-0.56,0.025,51.0,1.0,1.0,329.1352507904732,433.4302362297146,-0.56
-0.55,0.025,51.0,1.0,1.0,329.4233229771235,429.4366799558251,-0.55
-0.54,0.025,51.0,1.0,1.0,329.7127169925605,425.4533795278678,-0.54
-0.53,0.025,51.0,1.0,1.0,330.00336458208346,421.45045057965956,-0.53
-0.52,0.025,51.0,1.0,1.0,330.2952626073508,417.4147090138382,-0.52
-0.51,0.025,51.0,1.0,1.0,330.5884500676349,413.3335364127005,-0.51
-0.5,0.025,51.0,1.0,1.0,330.88299815506053,409.1924212588506,-0.5
-0.49,0.025,51.0,1.0,1.0,331.1790064659347,405.0042060747008,-0.49
-0.48,0.025,51.0,1.0,1.0,331.4766041979512,400.8478802792816,-0.48
-0.47,0.025,51.0,1.0,1.0,331.77595890436544,397.3585207394309,-0.47
-0.46,0.025,51.0,1.0,1.0,332.07729991419137,395.36143671425015,-0.46
-0.45,0.025,51.0,1.0,1.0,332.38097253013177,394.90865733432986,-0.45
-0.44,0.025,51.0,1.0,1.0,332.6875656839916,395.16405048959416,-0.44
-0.43,0.025,51.0,1.0,1.0,332.99827048317553,395.4965255481721,-0.43
-0.42,0.025,51.0,1.0,1.0,333.316386292182,395.72343172482994,-0.42
-0.41,0.025,51.0,1.0,1.0,333.4856696432248,395.7619193925087,-0.41
-0.4,0.025,51.0,1.0,1.0,333.4856696432248,395.7478979853736,-0.4
-0.39,0.025,51.0,1.0,1.0,333.4856696432249,395.733595638033,-0.39
-0.38,0.025,51.0,1.0,1.0,333.4856696432248,395.719014470057,-0.38
-0.37,0.025,51.0,1.0,1.0,333.48566964322487,395.70415721133776,-0.37
-0.36,0.025,51.0,1.0,1.0,333.48566964322487,395.68902723993045,-0.36
-0.35,0.025,51.0,1.0,1.0,333.48566964322487,395.6736286210953,-0.35
-0.34,0.025,51.0,1.0,1.0,333.4856696432248,395.6557977670095,-0.34
-0.33,0.025,51.0,1.0,1.0,333.485669643225,395.63743966469264,-0.33
-0.32,0.025,51.0,1.0,1.0,333.4856696432248,395.61853891340957,-0.32
-0.31,0.025,51.0,1.0,1.0,333.485669643225,395.59907827915924,-0.31
-0.3,0.025,51.0,1.0,1.0,333.48566964322487,395.579039959687,-0.3
-0.29,0.025,51.0,1.0,1.0,333.48566964322487,395.55840560850163,-0.29
-0.28,0.025,51.0,1.0,1.0,333.48566964322464,395.53703860764256,-0.28
-0.27,0.025,51.0,1.0,1.0,333.48566964322475,395.5148916981527,-0.27
-0.26,0.025,51.0,1.0,1.0,333.4856696432248,395.4920238387617,-0.26
-0.25,0.025,51.0,1.0,1.0,333.48566964322487,395.4684021006562,-0.25
-0.24,0.025,51.0,1.0,1.0,333.48566964322487,395.4439751878416,-0.24
-0.23,0.025,51.0,1.0,1.0,333.4856696432248,395.41857759936397,-0.23
-0.22,0.025,51.0,1.0,1.0,333.4856696432249,395.3912518359149,-0.22
-0.21,0.025,51.0,1.0,1.0,333.4856696432249,395.3594727394551,-0.21
-0.2,0.025,51.0,1.0,1.0,333.4856696432248,395.30104819144316,-0.2
-0.19,0.025,51.0,1.0,1.0,333.48566964322475,395.16923531560235,-0.19
-0.18,0.025,51.0,1.0,1.0,333.48566964322464,394.7580706244836,-0.18
-0.17,0.025,51.0,1.0,1.0,333.4856696432249,392.9727329640091,-0.17
-0.16,0.025,51.0,1.0,1.0,333.48566964322487,390.35350425592253,-0.16
-0.15,0.025,51.0,1.0,1.0,333.48566964322475,390.9600958888002,-0.15
-0.14,0.025,51.0,1.0,1.0,333.485669643225,391.23370558769767,-0.14
-0.13,0.025,51.0,1.0,1.0,333.4856696432248,391.5073082417191,-0.13
-0.12,0.025,51.0,1.0,1.0,333.485669643225,391.7809320505504,-0.12
-0.11,0.025,51.0,1.0,1.0,333.48566964322487,392.0545825967397,-0.11
-0.1,0.025,51.0,1.0,1.0,333.48566964322475,392.3282593677525,-0.1
-0.09,0.025,51.0,1.0,1.0,333.48566964322464,392.6019604085926,-0.09
-0.08,0.025,51.0,1.0,1.0,333.4856696432249,392.8756836801158,-0.08
-0.07,0.025,51.0,1.0,1.0,333.48566964322464,393.14942742439075,-0.07
-0.06,0.025,51.0,1.0,1.0,333.48566964322475,393.42319022251326,-0.06
-0.05,0.025,51.0,1.0,1.0,333.48566964322487,393.4689833561778,-0.05
-0.04,0.025,51.0,1.0,1.0,333.485669643225,393.4689833561779,-0.04
-0.03,0.025,51.0,1.0,1.0,333.48566964322487,393.4689833561776,-0.03
-0.02,0.025,51.0,1.0,1.0,333.48566964322487,393.46898335617755,-0.02
-0.01,0.025,51.0,1.0,1.0,333.4856696432248,393.46898335617755,-0.01
0.0,0.025,51.0,1.0,1.0,333.48566964322487,393.4689833561777,0.0
-1.0,0.03,49.543531166600545,0.9714417875804028,0.5770257776008105,136.24849101023142,554.943212821731,-1.0
-0.99,0.03,49.586221288177356,0.9722788487877912,0.5878013239232502,133.11580925871834,549.0471983804097,-0.99
-0.98,0.03,49.62924078857053,0.9731223684033437,0.5985768702456901,146.06195349974692,533.6977434484802,-0.98
-0.97,0.03,49.67234682653043,0.97396758483393,0.6093524165681298,136.91149970105408,568.4730273555072,-0.97
-0.96,0.03,49.715420810699825,0.9748121727588202,0.6201279628905696,172.8555774121948,528.1565747958998,-0.96
-0.95,0.03,49.7584639655108,0.9756561561864863,0.6309035092130094,166.28734315767278,525.3499484376028,-0.95
-0.94,0.03,49.8014782766444,0.9764995740518511,0.6416790555354492,154.06237041023854,523.1546577423273,-0.94
-0.93,0.03,49.8444666575094,0.9773424834805765,0.6524546018578891,177.7727037978554,522.1602372358252,-0.93
-0.92,0.03,49.88752673988583,0.9781867988212908,0.6632301481803288,170.42073009882046,541.9233796532848,-0.92
-0.91,0.03,49.93055792179426,0.979030547486162,0.6740056945027683,206.1563732725355,521.2676632714376,-0.91
-0.9,0.03,49.973564867932794,0.9798738209398588,0.6847812408252083,199.3315486162126,519.6246164509911,-0.9
-0.89,0.03,50.01655701944756,0.9807168043028933,0.6955567871476477,220.77234881360613,521.4225604478147,-0.89
-0.88,0.03,50.0595845825401,0.9815604820105901,0.7063323334700877,210.3531640418385,522.0487371671776,-0.88
-0.87,0.03,50.10302286250962,0.9824122129903847,0.7171078797925272,216.46040570466886,523.4116453256387,-0.87
-0.86,0.03,50.14856641090657,0.983305223743266,0.7278834261149674,219.79576043053103,521.1392557295848,-0.86
-0.85,0.03,50.19113496820033,0.9841399013372614,0.7386589724374069,228.2931538698072,515.6477300491863,-0.85
-0.84,0.03,50.233423554674204,0.9849690893073373,0.7494345187598469,235.77517076454933,511.67372683539435,-0.84
-0.83,0.03,50.2756602725922,0.9857972602469058,0.7602100650822865,240.7714837508472,508.39034522330104,-0.83
-0.82,0.03,50.317871021193824,0.9866249219841926,0.7709856114047264,245.78889121583066,505.31343079500436,-0.82
-0.81,0.03,50.360075133664424,0.9874524536012632,0.781761157727166,255.2173204262158,502.38642502367213,-0.81
-0.8,0.03,50.402220356447636,0.9882788305185811,0.7925367040496057,276.46911366131576,499.5160478046708,-0.8
-0.79,0.03,50.44015988673553,0.9890227428771672,0.8033122503720457,273.2562921716968,496.9097328450272,-0.79
-0.78,0.03,50.47235749566701,0.9896540685424904,0.8140877966944855,280.35460823171263,494.96394073828594,-0.78
-0.77,0.03,50.504525691588356,0.9902848174821246,0.8248633430169251,283.18363197649523,493.1866125896625,-0.77
-0.76,0.03,50.53666369073052,0.9909149743280494,0.835638889339365,284.39172915514774,490.58355405675485,-0.76
-0.75,0.03,50.568770673334264,0.9915445230065542,0.8464144356618047,288.2637476444333,487.6400414518482,-0.75
-0.74,0.03,50.60084582283704,0.9921734475066085,0.8571899819842447,289.440234141619,484.6592997282064,-0.74
-0.73,0.03,50.63288838432691,0.9928017330260178,0.867965528306684,289.64977826290016,481.63573510760847,-0.73
-0.72,0.03,50.664897746664565,0.9934293675816581,0.878741074629124,293.16170775670895,478.56291528218856,-0.72
-0.71,0.03,50.69687355341479,0.9940563441846038,0.8895166209515638,295.8644773568802,475.43465925147854,-0.71
-0.7,0.03,50.72881584826594,0.9946826636914889,0.9002921672740035,296.08650039149416,472.2482606573695,-0.7
-0.69,0.03,50.76072526407391,0.9953083385112532,0.9110677135964433,296.52705635129365,469.0116437156264,-0.69
-0.68,0.03,50.79260328281869,0.9959333977023272,0.9218432599188828,307.4812642811021,465.75777076442097,-0.68
-0.67,0.03,50.824452671122955,0.9965578955122149,0.9326188062413228,325.654243080777,462.5324801387865,-0.67
-0.66,0.03,50.856278496491015,0.9971819313037454,0.9433943525637623,325.9597347833947,459.46725423341195,-0.66
-0.65,0.03,50.888091242720485,0.9978057106415781,0.9541698988862024,326.2696895884344,456.8145404061073,-0.65
-0.64,0.03,50.91991746276856,0.9984297541719326,0.9649454452086419,326.5863596401848,454.81773258341553,-0.64
-0.63,0.03,50.95183559748368,0.9990555999506604,0.9757209915310822,326.91645571097825,453.91028543117335,-0.63
-0.62,0.03,50.9840780777396,0.9996878054458745,0.9864965378535215,327.2785321429381,454.55514707210506,-0.62
-0.61,0.03,50.99727208417596,0.9999465114544306,0.9972720841759617,327.7037565023645,454.80611680363535,-0.61
-0.6,0.03,51.0,1.0,1.0,327.9862310699986,445.4006517154082,-0.6
-0.59,0.03,51.0,1.0,1.0,328.2700852470418,438.0928153494057,-0.59
-0.58,0.03,51.0,1.0,1.0,328.55514284791235,433.11305172797813,-0.58
-0.57,0.03,51.0,1.0,1.0,328.8404871898197,429.242865651002,-0.57
-0.56,0.03,51.0,1.0,1.0,329.1272044166596,425.7491654156902,-0.56
-0.55,0.03,51.0,1.0,1.0,329.41540571887936,422.35347705538624,-0.55
-0.54,0.03,51.0,1.0,1.0,329.7049245932769,418.9605488292536,-0.54
-0.53,0.03,51.0,1.0,1.0,329.9957080403657,415.53389507589463,-0.53
-0.52,0.03,51.0,1.0,1.0,330.2877633704817,412.05293390494245,-0.52
-0.51,0.03,51.0,1.0,1.0,330.58114005959095,408.5039383517423,-0.51
-0.5,0.03,51.0,1.0,1.0,330.87592148032223,404.9000772995816,-0.5
-0.49,0.03,51.0,1.0,1.0,331.17222199981154,401.3535855909142,-0.49
-0.48,0.03,51.0,1.0,1.0,331.4701888577592,398.14195565627705,-0.48
-0.47,0.03,51.0,1.0,1.0,331.77001165223845,395.92762646996664,-0.47
-0.46,0.03,51.0,1.0,1.0,332.07194675269136,395.0109523549707,-0.46
-0.45,0.03,51.0,1.0,1.0,332.37637297620597,394.9912257089667,-0.45
-0.44,0.03,51.0,1.0,1.0,332.68392141972186,395.27124773969155,-0.44
-0.43,0.03,51.0,1.0,1.0,332.99583701117365,395.54266635371954,-0.43
-0.42,0.03,51.0,1.0,1.0,333.3155131404688,395.72542797371466,-0.42
-0.41,0.03,51.0,1.0,1.0,333.4856696432248,395.75585488415027,-0.41
-0.4,0.03,51.0,1.0,1.0,333.4856696432248,395.74184007611603,-0.4
-0.39,0.03,51.0,1.0,1.0,333.4856696432249,395.72754427294507,-0.39
-0.38,0.03,51.0,1.0,1.0,333.4856696432248,395.71296958049487,-0.38
-0.37,0.03,51.0,1.0,1.0,333.48566964322487,395.69811871414873,-0.37
-0.36,0.03,51.0,1.0,1.0,333.48566964322487,395.6829950366331,-0.36
-0.35,0.03,51.0,1.0,1.0,333.48566964322487,395.667599727784,-0.35
-0.34,0.03,51.0,1.0,1.0,333.4856696432248,395.64977527233236,-0.34
-0.33,0.03,51.0,1.0,1.0,333.485669643225,395.6314248503514,-0.33
-0.32,0.03,51.0,1.0,1.0,333.4856696432248,395.61253180282733,-0.32
-0.31,0.03,51.0,1.0,1.0,333.485669643225,395.59307888755467,-0.31
-0.3,0.03,51.0,1.0,1.0,333.48566964322487,395.57304829299085,-0.3
-0.29,0.03,51.0,1.0,1.0,333.48566964322487,395.5524216558657,-0.29
-0.28,0.03,51.0,1.0,1.0,333.48566964322464,395.5310618353271,-0.28
-0.27,0.03,51.0,1.0,1.0,333.48566964322475,395.5089223684547,-0.27
-0.26,0.03,51.0,1.0,1.0,333.4856696432248,395.4860534761105,-0.26
-0.25,0.03,51.0,1.0,1.0,333.48566964322487,395.4624128024579,-0.25
-0.24,0.03,51.0,1.0,1.0,333.48566964322487,395.43756048760804,-0.24
-0.23,0.03,51.0,1.0,1.0,333.4856696432248,395.4107900482064,-0.23
-0.22,0.03,51.0,1.0,1.0,333.4856696432249,395.37753211448944,-0.22
-0.21,0.03,51.0,1.0,1.0,333.4856696432249,395.3214554974986,-0.21
-0.2,0.03,51.0,1.0,1.0,333.4856696432248,395.2141342735778,-0.2
-0.19,0.03,51.0,1.0,1.0,333.48566964322475,394.93445485734713,-0.19
-0.18,0.03,51.0,1.0,1.0,333.48566964322464,394.066184366256,-0.18
-0.17,0.03,51.0,1.0,1.0,333.4856696432249,386.6010617248738,-0.17
-0.16,0.03,51.0,1.0,1.0,333.48566964322487,390.3254894174065,-0.16
-0.15,0.03,51.0,1.0,1.0,333.48566964322475,390.9599544718948,-0.15
-0.14,0.03,51.0,1.0,1.0,333.485669643225,391.2335585388396,-0.14
-0.13,0.03,51.0,1.0,1.0,333.4856696432248,391.50718471286706,-0.13
-0.12,0.03,51.0,1.0,1.0,333.485669643225,391.78083551453136,-0.12
-0.11,0.03,51.0,1.0,1.0,333.48566964322487,392.0545102032901,-0.11
-0.1,0.03,51.0,1.0,1.0,333.48566964322475,392.32820721007084,-0.1
-0.09,0.03,51.0,1.0,1.0,333.48566964322464,392.6019249232544,-0.09
-0.08,0.03,51.0,1.0,1.0,333.4856696432249,392.87566192300494,-0.08
-0.07,0.03,51.0,1.0,1.0,333.48566964322464,393.1494170267209,-0.07
-0.06,0.03,51.0,1.0,1.0,333.48566964322475,393.42318927265154,-0.06
-0.05,0.03,51.0,1.0,1.0,333.48566964322487,393.4689838254392,-0.05
-0.04,0.03,51.0,1.0,1.0,333.485669643225,393.4689838254393,-0.04
-0.03,0.03,51.0,1.0,1.0,333.48566964322487,393.4689838254393,-0.03
-0.02,0.03,51.0,1.0,1.0,333.48566964322487,393.468983825439,-0.02
-0.01,0.03,51.0,1.0,1.0,333.4856696432248,393.4689838254391,-0.01
0.0,0.03,51.0,1.0,1.0,333.48566964322487,393.46898382543907,0.0
-1.0,0.035,49.5737786326296,0.9720348751496,0.5770257776008105,143.99702930527113,522.9736527000165,-1.0
-0.99,0.035,49.61635398030756,0.9728696858883835,0.5878013239232502,126.48359805353228,578.2273635511773,-0.99
-0.98,0.035,49.65930661364408,0.973711894385178,0.5985768702456901,135.76411913926057,524.7507257062751,-0.98
-0.97,0.035,49.702456348664555,0.9745579676208737,0.6093524165681298,144.51823528558376,521.8903514582144,-0.97
-0.96,0.035,49.74561107649991,0.9754041387549003,0.6201279628905696,159.26363907203327,521.6606892020885,-0.96
-0.95,0.035,49.78877661485227,0.9762505218598484,0.6309035092130094,169.7128953736352,521.9439639534878,-0.95
-0.94,0.035,49.831958014990704,0.9770972159802099,0.6416790555354492,167.8856471859969,522.8055315085526,-0.94
-0.93,0.035,49.87519866876747,0.9779450719366171,0.6524546018578891,175.01299360233057,522.9127359477503,-0.93
-0.92,0.035,49.91865456684875,0.9787971483695833,0.6632301481803288,176.29212286403433,522.9499571412323,-0.92
-0.91,0.035,49.96209164991326,0.9796488558806522,0.6740056945027683,187.42156467473922,522.9625145774781,-0.91
-0.9,0.035,50.00551800599507,0.9805003530587268,0.6847812408252083,203.755941437239,522.971923119522,-0.9
-0.89,0.035,50.048982253583226,0.9813525932075142,0.6955567871476477,200.49985496985892,522.9972582463423,-0.89
-0.88,0.035,50.09263716689916,0.9822085718999836,0.7063323334700877,212.82469361970527,523.0168805395239,-0.88
-0.87,0.035,50.134717782810796,0.9830336820158979,0.7171078797925272,214.60869110436337,516.5793561951824,-0.87
-0.86,0.035,50.17642945577663,0.9838515579564044,0.7278834261149674,222.87939671295499,503.42994503712913,-0.86
-0.85,0.035,50.21839357368413,0.9846743837977281,0.7386589724374069,223.80446498963414,496.78795352423856,-0.85
-0.84,0.035,50.260560023818755,0.9855011769376226,0.7494345187598469,235.26753000967653,493.154625962675,-0.84
-0.83,0.035,50.30267104447495,0.986326883224999,0.7602100650822865,237.36363584188712,490.2089137290965,-0.83
-0.82,0.035,50.34466347095541,0.9871502641363806,0.7709856114047264,246.18453221619873,487.48750643805477,-0.82
-0.81,0.035,50.37695621536221,0.9877834552031807,0.781761157727166,255.12692721069666,484.9464322819975,-0.81
-0.8,0.035,50.40921923767814,0.988416063483885,0.7925367040496057,276.50669943448605,482.47218907268194,-0.8
-0.79,0.035,50.44145160762646,0.9890480707377738,0.8033122503720457,272.88596660648466,480.2748135168209,-0.79
-0.78,0.035,50.47365257345335,0.9896794622245755,0.8140877966944855,280.20105988585533,478.91213040482006,-0.78
-0.77,0.035,50.50582140986875,0.9903102237229167,0.8248633430169251,283.5428454573661,477.7556512068908,-0.77
-0.76,0.035,50.537957433537414,0.990940341834067,0.835638889339365,284.5656078953167,475.58517020408107,-0.76
-0.75,0.035,50.570060066559925,0.9915698052266652,0.8464144356618047,287.36415900148205,472.92628440232585,-0.75
-0.74,0.035,50.60212892934976,0.9921986064578384,0.8571899819842447,288.4273113606978,470.2135855129176,-0.74
-0.73,0.035,50.63416396215956,0.9928267443560699,0.867965528306684,290.19784663142707,467.45929258563973,-0.73
-0.72,0.035,50.66616557575523,0.9934542269755927,0.878741074629124,294.0027919272788,464.6979677597602,-0.72
-0.71,0.035,50.69813482841974,0.9940810750670537,0.8895166209515638,294.2254029918631,462.0011348374691,-0.71
-0.7,0.035,50.73007362148094,0.994707325911391,0.9002921672740035,297.04131656310136,459.4901749557757,-0.7
-0.69,0.035,50.761984903824626,0.9953330373298946,0.9110677135964433,297.3371327060184,457.28869042953636,-0.69
-0.68,0.035,50.793872896135646,0.9959582920810911,0.9218432599188828,310.9431216920651,455.5878066174218,-0.68
-0.67,0.035,50.82574345790156,0.9965832050568934,0.9326188062413228,325.69460041660795,454.4982211501432,-0.67
-0.66,0.035,50.8576051810768,0.997207944726996,0.9433943525637623,326.01031261188825,453.97574884022384,-0.66
-0.65,0.035,50.88947352961728,0.9978328143062211,0.9541698988862024,326.3318621959943,453.88042815368476,-0.65
-0.64,0.035,50.92138653182814,0.9984585594476106,0.9649454452086419,326.66274215285154,454.0809148080511,-0.64
-0.63,0.035,50.953460191451796,0.9990874547343489,0.9757209915310822,327.01373964706033,454.52534224393884,-0.63
-0.62,0.035,50.98569359524406,0.9997194822596874,0.9864965378535215,327.4145999547217,454.88682804329324,-0.62
-0.61,0.035,50.99727208417596,0.9999465114544306,0.9972720841759617,327.695783938103,447.21719562479626,-0.61
-0.6,0.035,51.0,1.0,1.0,327.97842762022333,438.2343674897401,-0.6
-0.59,0.035,51.0,1.0,1.0,328.2624164293557,431.34740990902594,-0.59
-0.58,0.035,51.0,1.0,1.0,328.547546244197,426.78737483012907,-0.58
-0.57,0.035,51.0,1.0,1.0,328.83287261394037,423.3359101381252,-0.57
-0.56,0.035,51.0,1.0,1.0,329.1197678007986,420.25796112227954,-0.56
-0.55,0.035,51.0,1.0,1.0,329.40811043621875,417.2718726356052,-0.55
-0.54,0.035,51.0,1.0,1.0,329.6977683002576,414.27855110735567,-0.54
-0.53,0.035,51.0,1.0,1.0,329.98870099424397,411.2385455227366,-0.53
-0.52,0.035,51.0,1.0,1.0,330.2809249984422,408.13430299084615,-0.52
-0.51,0.035,51.0,1.0,1.0,330.5744991529485,404.9741415580108,-0.51
-0.5,0.035,51.0,1.0,1.0,330.8695177484225,401.8347339042812,-0.5
-0.49,0.035,51.0,1.0,1.0,331.16610835423626,398.93441495863266,-0.49
-0.48,0.035,51.0,1.0,1.0,331.4644342191581,396.6229222781541,-0.48
-0.47,0.035,51.0,1.0,1.0,331.76470424131674,395.3205317517314,-0.47
-0.46,0.035,51.0,1.0,1.0,332.067197934566,394.95199291762185,-0.46
-0.45,0.035,51.0,1.0,1.0,332.3723217915469,395.0845995383565,-0.45
-0.44,0.035,51.0,1.0,1.0,332.680721487119,395.34602873646026,-0.44
-0.43,0.035,51.0,1.0,1.0,332.99369592290674,395.5713446852252,-0.43
-0.42,0.035,51.0,1.0,1.0,333.3147697227234,395.7262414772688,-0.42
-0.41,0.035,51.0,1.0,1.0,333.4856696432248,395.75099586091596,-0.41
-0.4,0.035,51.0,1.0,1.0,333.4856696432248,395.73698572193035,-0.4
-0.39,0.035,51.0,1.0,1.0,333.4856696432249,395.7226945481621,-0.39
-0.38,0.035,51.0,1.0,1.0,333.4856696432248,395.70812443579524,-0.38
-0.37,0.035,51.0,1.0,1.0,333.48566964322487,395.6932780899821,-0.37
-0.36,0.035,51.0,1.0,1.0,333.48566964322487,395.67815886264594,-0.36
-0.35,0.035,51.0,1.0,1.0,333.48566964322487,395.6627641605117,-0.35
-0.34,0.035,51.0,1.0,1.0,333.4856696432248,395.6449450383431,-0.34
-0.33,0.035,51.0,1.0,1.0,333.485669643225,395.62659996407046,-0.33
-0.32,0.035,51.0,1.0,1.0,333.4856696432248,395.6077122733163,-0.32
-0.31,0.035,51.0,1.0,1.0,333.485669643225,395.58826470621403,-0.31
-0.3,0.035,51.0,1.0,1.0,333.48566964322487,395.5682393981304,-0.3
-0.29,0.035,51.0,1.0,1.0,333.48566964322487,395.54761805886454,-0.29
-0.28,0.035,51.0,1.0,1.0,333.48566964322464,395.5262589267102,-0.28
-0.27,0.035,51.0,1.0,1.0,333.48566964322475,395.5041104908862,-0.27
-0.26,0.035,51.0,1.0,1.0,333.4856696432248,395.48111617285025,-0.26
-0.25,0.035,51.0,1.0,1.0,333.48566964322487,395.4569471150163,-0.25
-0.24,0.035,51.0,1.0,1.0,333.48566964322487,395.43092843948057,-0.24
-0.23,0.035,51.0,1.0,1.0,333.4856696432248,395.39659986130255,-0.23
-0.22,0.035,51.0,1.0,1.0,333.4856696432249,395.3452348565649,-0.22
-0.21,0.035,51.0,1.0,1.0,333.4856696432249,395.25731431147,-0.21
-0.2,0.035,51.0,1.0,1.0,333.4856696432248,395.0560971670952,-0.2
-0.19,0.035,51.0,1.0,1.0,333.48566964322475,394.5292940645351,-0.19
-0.18,0.035,51.0,1.0,1.0,333.48566964322464,393.0557791476598,-0.18
-0.17,0.035,51.0,1.0,1.0,333.4856696432249,389.15376367354185,-0.17
-0.16,0.035,51.0,1.0,1.0,333.48566964322487,390.3254565061081,-0.16
-0.15,0.035,51.0,1.0,1.0,333.48566964322475,390.959832128937,-0.15
-0.14,0.035,51.0,1.0,1.0,333.485669643225,391.2334556943702,-0.14
-0.13,0.035,51.0,1.0,1.0,333.4856696432248,391.50710243280963,-0.13
-0.12,0.035,51.0,1.0,1.0,333.485669643225,391.7807716090465,-0.12
-0.11,0.035,51.0,1.0,1.0,333.48566964322487,392.05446191057734,-0.11
-0.1,0.035,51.0,1.0,1.0,333.48566964322475,392.32817199029904,-0.1
-0.09,0.035,51.0,1.0,1.0,333.48566964322464,392.60190064174776,-0.09
-0.08,0.035,51.0,1.0,1.0,333.4856696432249,392.87564683928093,-0.08
-0.07,0.035,51.0,1.0,1.0,333.48566964322464,393.1494097302107,-0.07
-0.06,0.035,51.0,1.0,1.0,333.48566964322475,393.42318861223356,-0.06
-0.05,0.035,51.0,1.0,1.0,333.48566964322487,393.4689841773531,-0.05
-0.04,0.035,51.0,1.0,1.0,333.485669643225,393.468984177353,-0.04
-0.03,0.035,51.0,1.0,1.0,333.48566964322487,393.4689841773529,-0.03
-0.02,0.035,51.0,1.0,1.0,333.48566964322487,393.46898417735287,-0.02
-0.01,0.035,51.0,1.0,1.0,333.4856696432248,393.468984177353,-0.01
0.0,0.035,51.0,1.0,1.0,333.48566964322487,393.4689841773531,0.0
-1.0,0.04,49.6041303358041,0.9726300065843941,0.5770257776008105,133.5877508710779,522.0556491099069,-1.0
-0.99,0.04,49.647672885890024,0.973483782076275,0.5878013239232502,141.32209546980857,521.6153146286799,-0.99
-0.98,0.04,49.69119986658633,0.9743372522860065,0.5985768702456901,130.89167489697186,530.6612667790886,-0.98
-0.97,0.04,49.734709893088365,0.9751903900605562,0.6093524165681298,150.62375802696747,523.1714081109965,-0.97
-0.96,0.04,49.778201471106556,0.9760431661001285,0.6201279628905696,155.75976496005353,523.1795411204379,-0.96
-0.95,0.04,49.82167298347961,0.9768955486956786,0.6309035092130094,150.311141958642,523.1655996935731,-0.95
-0.94,0.04,49.8646853613011,0.9777389286529627,0.6416790555354492,172.6944808113179,522.1812189010756,-0.94
-0.93,0.04,49.907264195620954,0.9785738077572737,0.6524546018578891,167.56005724087152,519.8803358765817,-0.93
-0.92,0.04,49.94979267839875,0.9794076995764461,0.6632301481803288,187.1489357016373,518.0248111021924,-0.92
-0.91,0.04,49.99227002009433,0.9802405886293006,0.6740056945027683,209.44818392592302,515.9084153597415,-0.91
-0.9,0.04,50.03469342933419,0.9810724201830233,0.6847812408252083,204.31822656561818,513.7451987894531,-0.9
-0.89,0.04,50.077050791323735,0.9819029566926223,0.6955567871476477,224.6369804336625,511.4032649830442,-0.89
-0.88,0.04,50.119287504533766,0.9827311275398778,0.7063323334700877,212.05217814179392,508.28415981909336,-0.88
-0.87,0.04,50.16121400541496,0.9835532157924503,0.7171078797925272,216.57428591189716,502.3165180811486,-0.87
-0.86,0.04,50.20269505792831,0.9843665697633002,0.7278834261149674,220.5528113331014,488.8539300970896,-0.86
-0.85,0.04,50.24445302708321,0.9851853534722198,0.7386589724374069,224.8368347865083,482.0924586746623,-0.85
-0.84,0.04,50.28118139918128,0.9859055176310054,0.7494345187598469,235.49123605042956,478.63721911038357,-0.84
-0.83,0.04,50.31349206986231,0.9865390601933787,0.7602100650822865,240.26371625416473,475.95718988558866,-0.83
-0.82,0.04,50.3457904460537,0.9871723616873274,0.7709856114047264,247.49218433072085,473.5669496702077,-0.82
-0.81,0.04,50.37808906527898,0.9878056679466466,0.781761157727166,253.94535570394402,471.43617610936894,-0.81
-0.8,0.04,50.41035551954536,0.9884383435204973,0.7925367040496057,276.8431415167675,469.36454716341757,-0.8
-0.79,0.04,50.442588892929436,0.9890703704495968,0.8033122503720457,273.5884388135305,467.275785232721,-0.79
-0.78,0.04,50.47478862185915,0.9897017376835127,0.8140877966944855,280.31755236151696,465.8558353697736,-0.78
-0.77,0.04,50.50695434060891,0.990332438051155,0.8248633430169251,283.3737812377371,465.22707614233695,-0.77
-0.76,0.04,50.5390859424128,0.9909624694590744,0.835638889339365,285.1061660909766,463.527371050907,-0.76
-0.75,0.04,50.57118370248952,0.9915918373037161,0.8464144356618047,286.2291642988751,461.24633522835063,-0.75
-0.74,0.04,50.603248433046524,0.9922205575107161,0.8571899819842447,288.00563938521367,459.11657617093414,-0.74
-0.73,0.04,50.63528165840797,0.9928486599687837,0.867965528306684,291.2149191743253,457.25700692551413,-0.73
-0.72,0.04,50.667285794638815,0.9934761920517414,0.878741074629124,295.34243689846403,455.78253791149046,-0.72
-0.71,0.04,50.69926430866605,0.99410322173855,0.8895166209515638,293.5948260251119,454.7505055984773,-0.71
-0.7,0.04,50.7312218230912,0.9947298396684549,0.9002921672740035,298.16648827541826,454.15524071025516,-0.7
-0.69,0.04,50.76316413568243,0.9953561595231849,0.9110677135964433,298.6384283046142,453.9329011752668,-0.69
-0.68,0.04,50.795098169796546,0.9959823170548342,0.9218432599188828,316.7234955937688,453.95578059928437,-0.68
-0.67,0.04,50.82703207233473,0.9966084720065633,0.9326188062413228,325.76726650617735,454.1055880623123,-0.67
-0.66,0.04,50.858976406813326,0.9972348315061437,0.9433943525637623,326.0955126768937,454.30149906511633,-0.66
-0.65,0.04,50.890949968606485,0.9978617640903232,0.9541698988862024,326.4321107917286,454.50581648068,-0.65
-0.64,0.04,50.9230025271776,0.9984902456309334,0.9649454452086419,326.783890331585,454.7122542406799,-0.64
-0.63,0.04,50.95482470097096,0.99911420982296,0.9757209915310822,327.1274156943376,453.6111293685653,-0.63
-0.62,0.04,50.985702261176854,0.9997196521799383,0.9864965378535215,327.40675520287186,448.8612766039192,-0.62
-0.61,0.04,50.99727208417596,0.9999465114544306,0.9972720841759617,327.6882748389929,441.54947468249753,-0.61
-0.6,0.04,51.0,1.0,1.0,327.9710808428157,432.87925955096046,-0.6
-0.59,0.04,51.0,1.0,1.0,328.25517388012776,426.29964969893774,-0.59
-0.58,0.04,51.0,1.0,1.0,328.54042048045426,422.0436714256562,-0.58
-0.57,0.04,51.0,1.0,1.0,328.8257582753256,418.89423716370686,-0.57
-0.56,0.04,51.0,1.0,1.0,329.11282840710066,416.1143467565758,-0.56
-0.55,0.04,51.0,1.0,1.0,329.40131991768027,413.41985022392953,-0.55
-0.54,0.04,51.0,1.0,1.0,329.69112580949826,410.7106172438191,-0.54
-0.53,0.04,51.0,1.0,1.0,329.9822163380026,407.9510550380608,-0.53
-0.52,0.04,51.0,1.0,1.0,330.2746161293415,405.1397937724228,-0.52
-0.51,0.04,51.0,1.0,1.0,330.56839246617216,402.3253278540279,-0.51
-0.5,0.04,51.0,1.0,1.0,330.86364950222327,399.65184204603014,-0.5
-0.49,0.04,51.0,1.0,1.0,331.16052669630835,397.3887524882926,-0.49
-0.48,0.04,51.0,1.0,1.0,331.4592016096301,395.8100221093923,-0.48
-0.47,0.04,51.0,1.0,1.0,331.75990018051033,395.08187869629,-0.47
-0.46,0.04,51.0,1.0,1.0,332.06292189038146,394.98114363434127,-0.46
-0.45,0.04,51.0,1.0,1.0,332.3686938292828,395.16432764502724,-0.45
-0.44,0.04,51.0,1.0,1.0,332.6771709810524,395.40016779313027,-0.44
-0.43,0.04,51.0,1.0,1.0,332.99107340224276,395.5918970829459,-0.43
-0.42,0.04,51.0,1.0,1.0,333.31332063935184,395.7265029636609,-0.42
-0.41,0.04,51.0,1.0,1.0,333.4856696432248,395.7470518022233,-0.41
-0.4,0.04,51.0,1.0,1.0,333.4856696432248,395.7330451455115,-0.4
-0.39,0.04,51.0,1.0,1.0,333.4856696432249,395.71875742400385,-0.39
-0.38,0.04,51.0,1.0,1.0,333.4856696432248,395.7041907266845,-0.38
-0.37,0.04,51.0,1.0,1.0,333.48566964322487,395.6893477510952,-0.37
-0.36,0.04,51.0,1.0,1.0,333.48566964322487,395.67423184112556,-0.36
-0.35,0.04,51.0,1.0,1.0,333.48566964322487,395.65883711321965,-0.35
-0.34,0.04,51.0,1.0,1.0,333.4856696432248,395.64102192420523,-0.34
-0.33,0.04,51.0,1.0,1.0,333.485669643225,395.62268078025414,-0.33
-0.32,0.04,51.0,1.0,1.0,333.4856696432248,395.60379699804406,-0.32
-0.31,0.04,51.0,1.0,1.0,333.485669643225,395.5843533664449,-0.31
-0.3,0.04,51.0,1.0,1.0,333.48566964322487,395.564329911701,-0.3
-0.29,0.04,51.0,1.0,1.0,333.48566964322487,395.54370569176666,-0.29
-0.28,0.04,51.0,1.0,1.0,333.48566964322464,395.5223265021339,-0.28
-0.27,0.04,51.0,1.0,1.0,333.48566964322475,395.4999793391373,-0.27
-0.26,0.04,51.0,1.0,1.0,333.4856696432248,395.4765352251148,-0.26
-0.25,0.04,51.0,1.0,1.0,333.48566964322487,395.4507896891826,-0.25
-0.24,0.04,51.0,1.0,1.0,333.48566964322487,395.4170777368096,-0.24
-0.23,0.04,51.0,1.0,1.0,333.4856696432248,395.37056452892415,-0.23
-0.22,0.04,51.0,1.0,1.0,333.4856696432249,395.29764779043785,-0.22
-0.21,0.04,51.0,1.0,1.0,333.4856696432249,395.14689462747344,-0.21
-0.2,0.04,51.0,1.0,1.0,333.4856696432248,394.7923690621477,-0.2
-0.19,0.04,51.0,1.0,1.0,333.48566964322475,394.0143353283288,-0.19
-0.18,0.04,51.0,1.0,1.0,333.48566964322464,391.4515006691029,-0.18
-0.17,0.04,51.0,1.0,1.0,333.4856696432249,389.1329988118115,-0.17
-0.16,0.04,51.0,1.0,1.0,333.48566964322487,390.32534499752325,-0.16
-0.15,0.04,51.0,1.0,1.0,333.48566964322475,390.95974337839937,-0.15
-0.14,0.04,51.0,1.0,1.0,333.485669643225,391.23338331922264,-0.14
-0.13,0.04,51.0,1.0,1.0,333.4856696432248,391.50704475287205,-0.13
-0.12,0.04,51.0,1.0,1.0,333.485669643225,391.7807265517613,-0.12
-0.11,0.04,51.0,1.0,1.0,333.48566964322487,392.0544275456963,-0.11
-0.1,0.04,51.0,1.0,1.0,333.48566964322475,392.3281466701094,-0.1
-0.09,0.04,51.0,1.0,1.0,333.48566964322464,392.6018830054131,-0.09
-0.08,0.04,51.0,1.0,1.0,333.4856696432249,392.8756357750692,-0.08
-0.07,0.04,51.0,1.0,1.0,333.48566964322464,393.14940432959213,-0.07
-0.06,0.04,51.0,1.0,1.0,333.48566964322475,393.42318812741723,-0.06
-0.05,0.04,51.0,1.0,1.0,333.48566964322487,393.4689844510522,-0.05
-0.04,0.04,51.0,1.0,1.0,333.485669643225,393.4689844510523,-0.04
-0.03,0.04,51.0,1.0,1.0,333.48566964322487,393.46898445105217,-0.03
-0.02,0.04,51.0,1.0,1.0,333.48566964322487,393.46898445105217,-0.02
-0.01,0.04,51.0,1.0,1.0,333.4856696432248,393.4689844510522,-0.01
0.0,0.04,51.0,1.0,1.0,333.48566964322487,393.4689844510521,0.0
-1.0,0.045,49.63495647756793,0.9732344407366261,0.5770257776008105,132.64070343314464,513.2877583733693,-1.0
-0.99,0.045,49.67774413581413,0.974073414427728,0.5878013239232502,137.91798588821587,515.937301265794,-0.99
-0.98,0.045,49.72047903657515,0.9749113536583363,0.5985768702456901,144.77395868654867,515.8100202199042,-0.98
-0.97,0.045,49.76316198270989,0.9757482741707821,0.6093524165681298,151.74353631504846,514.2711892890359,-0.97
-0.96,0.045,49.80579349502465,0.976584186176954,0.6201279628905696,161.5925659057423,512.5881881742547,-0.96
-0.95,0.045,49.848373850714864,0.9774190951120562,0.6309035092130094,152.8228917678214,510.82326665220114,-0.95
-0.94,0.045,49.89090310813765,0.978253002120346,0.6416790555354492,170.89017553136418,509.02826810711645,-0.94
-0.93,0.045,49.93338111220562,0.9790859041608946,0.6524546018578891,170.7263025226923,507.03255171289743,-0.93
-0.92,0.045,49.97580744005225,0.9799177929422009,0.6632301481803288,185.98739590371835,505.36355104536835,-0.92
-0.91,0.045,50.01818107589972,0.9807486485470533,0.6740056945027683,211.2498754294618,503.4891692197575,-0.91
-0.9,0.045,50.06049875182055,0.9815784068984422,0.6847812408252083,204.25826904277253,501.5651928524075,-0.9
-0.89,0.045,50.102746732303295,0.9824067986726136,0.6955567871476477,224.52858767161945,499.4694522077436,-0.89
-0.88,0.045,50.144863312703606,0.9832326139745805,0.7063323334700877,213.59140514364563,496.6364050732744,-0.88
-0.87,0.045,50.185559594836505,0.9840305802909118,0.7171078797925272,214.57617535804042,491.0432382483941,-0.87
-0.86,0.045,50.21764323051114,0.984659671186493,0.7278834261149674,219.72402016553224,477.34074667532855,-0.86
-0.85,0.045,50.249838514198494,0.985290951258794,0.7386589724374069,229.0449484615077,470.32097862898206,-0.85
-0.84,0.045,50.28217777636746,0.9859250544385777,0.7494345187598469,234.02436582745327,467.07632574297145,-0.84
-0.83,0.045,50.31448609056435,0.9865585507953795,0.7602100650822865,239.62951569280827,464.94685326605435,-0.83
-0.82,0.045,50.34678301333209,0.9871918237908254,0.7709856114047264,251.20476833649172,463.26625337087626,-0.82
-0.81,0.045,50.37908356579539,0.9878251679567723,0.781761157727166,253.42831588332797,461.8168724024519,-0.81
-0.8,0.045,50.411350210279835,0.9884578472603889,0.7925367040496057,276.3377779873559,460.2686130746609,-0.8
-0.79,0.045,50.44358242815718,0.9890898515324937,0.8033122503720457,274.75190058747637,458.06096945163813,-0.79
-0.78,0.045,50.47578035071574,0.9897211833473674,0.8140877966944855,280.6896292879501,455.8687545330101,-0.78
-0.77,0.045,50.50794460591884,0.9903518550180164,0.8248633430169251,282.8091421296866,456.0781842095779,-0.77
-0.76,0.045,50.54007642246653,0.9909818906365986,0.835638889339365,286.09536700075694,455.5952883386266,-0.76
-0.75,0.045,50.57217778900656,0.9916113291962071,0.8464144356618047,286.5985830638153,454.80286229874923,-0.75
-0.74,0.045,50.60425161444431,0.9922402277342022,0.8571899819842447,289.1378423352273,454.2496156589105,-0.74
-0.73,0.045,50.636301853821436,0.9928686638004203,0.867965528306684,292.71296051612256,453.99841858168446,-0.73
-0.72,0.045,50.668333559290005,0.9934967364566668,0.878741074629124,293.94665129365114,453.96774710713595,-0.72
-0.71,0.045,50.70035281113215,0.9941245649241598,0.8895166209515638,294.95860390624205,454.07022717727597,-0.71
-0.7,0.045,50.73236649137273,0.9947522841445633,0.9002921672740035,295.62480464774114,454.23375683941066,-0.7
-0.69,0.045,50.76438189922672,0.9953800372397396,0.9110677135964433,300.5184769617682,454.40968086732477,-0.69
-0.68,0.045,50.7964063157203,0.9960079669749078,0.9218432599188828,323.209390069464,454.5709659051391,-0.68
-0.67,0.045,50.82844694210799,0.996636214551137,0.9326188062413228,325.87618777673566,454.7063297455386,-0.67
-0.66,0.045,50.86051264571445,0.9972649538375382,0.9433943525637623,326.22381799853,454.8147365829691,-0.66
-0.65,0.045,50.89240181804968,0.9978902317264643,0.9541698988862024,326.53348266317096,454.2637461778898,-0.65
-0.64,0.045,50.92362879255689,0.9985025253442528,0.9649454452086419,326.8373242722846,451.7554942476127,-0.64
-0.63,0.045,50.954833040608996,0.9991143733452744,0.9757209915310822,327.11994428380876,448.69060202307725,-0.63
-0.62,0.045,50.98571051317849,0.999719813983892,0.9864965378535215,327.3993647665204,444.19046225946994,-0.62
-0.61,0.045,50.99727208417596,0.9999465114544306,0.9972720841759617,327.6811596763428,437.1563635416457,-0.61
-0.6,0.045,51.0,1.0,1.0,327.9641232539788,428.72452805241517,-0.6
-0.59,0.045,51.0,1.0,1.0,328.24831329370363,422.37392355350073,-0.59
-0.58,0.045,51.0,1.0,1.0,328.5336007217998,418.34238878441573,-0.58
-0.57,0.045,51.0,1.0,1.0,328.8190629987231,415.4160059062562,-0.57
-0.56,0.045,51.0,1.0,1.0,329.10630577023665,412.8564075000345,-0.56
-0.55,0.045,51.0,1.0,1.0,329.39495082344945,410.3786539360098,-0.55
-0.54,0.045,51.0,1.0,1.0,329.68491057883057,407.88577509961476,-0.54
-0.53,0.045,51.0,1.0,1.0,329.9761644675543,405.35357162082965,-0.53
-0.52,0.045,51.0,1.0,1.0,330.2687444258364,402.80655903418335,-0.52
-0.51,0.045,51.0,1.0,1.0,330.5627254042629,400.3362538848537,-0.51
-0.5,0.045,51.0,1.0,1.0,330.8582205336788,398.12704325553483,-0.5
-0.49,0.045,51.0,1.0,1.0,331.15538002678585,396.4272823184457,-0.49
-0.48,0.045,51.0,1.0,1.0,331.45439432675033,395.3881304987809,-0.48
-0.47,0.045,51.0,1.0,1.0,331.7548452560321,395.00302330197934,-0.47
-0.46,0.045,51.0,1.0,1.0,332.0583567068926,395.0335731921966,-0.46
-0.45,0.045,51.0,1.0,1.0,332.3647175425632,395.2289684051794,-0.45
-0.44,0.045,51.0,1.0,1.0,332.6734918677296,395.4404020932363,-0.44
-0.43,0.045,51.0,1.0,1.0,332.98818826481124,395.6072824616196,-0.43
-0.42,0.045,51.0,1.0,1.0,333.31133282629287,395.7264931023808,-0.42
-0.41,0.045,51.0,1.0,1.0,333.4856696432248,395.74380125762036,-0.41
-0.4,0.045,51.0,1.0,1.0,333.4856696432248,395.7297973002185,-0.4
-0.39,0.045,51.0,1.0,1.0,333.4856696432249,395.7155122544854,-0.39
-0.38,0.045,51.0,1.0,1.0,333.4856696432248,395.7009482038337,-0.38
-0.37,0.045,51.0,1.0,1.0,333.48566964322487,395.6861078399059,-0.37
-0.36,0.045,51.0,1.0,1.0,333.48566964322487,395.67099450038,-0.36
-0.35,0.045,51.0,1.0,1.0,333.48566964322487,395.65559945787584,-0.35
-0.34,0.045,51.0,1.0,1.0,333.4856696432248,395.6377872745126,-0.34
-0.33,0.045,51.0,1.0,1.0,333.485669643225,395.61944915618375,-0.33
-0.32,0.045,51.0,1.0,1.0,333.4856696432248,395.60056747151543,-0.32
-0.31,0.045,51.0,1.0,1.0,333.485669643225,395.5811233661918,-0.31
-0.3,0.045,51.0,1.0,1.0,333.48566964322487,395.5611016490069,-0.3
-0.29,0.045,51.0,1.0,1.0,333.48566964322487,395.540411892096,-0.29
-0.28,0.045,51.0,1.0,1.0,333.48566964322464,395.51883655262185,-0.28
-0.27,0.045,51.0,1.0,1.0,333.48566964322475,395.4961388572861,-0.27
-0.26,0.045,51.0,1.0,1.0,333.4856696432248,395.4702871919342,-0.26
-0.25,0.045,51.0,1.0,1.0,333.48566964322487,395.4383403036122,-0.25
-0.24,0.045,51.0,1.0,1.0,333.48566964322487,395.3963202524745,-0.24
-0.23,0.045,51.0,1.0,1.0,333.4856696432248,395.33496154269284,-0.23
-0.22,0.045,51.0,1.0,1.0,333.4856696432249,395.2184342659778,-0.22
-0.21,0.045,51.0,1.0,1.0,333.4856696432249,394.9639873289287,-0.21
-0.2,0.045,51.0,1.0,1.0,333.4856696432248,394.47537397654503,-0.2
-0.19,0.045,51.0,1.0,1.0,333.48566964322475,393.3885907547972,-0.19
-0.18,0.045,51.0,1.0,1.0,333.48566964322464,381.6541009524171,-0.18
-0.17,0.045,51.0,1.0,1.0,333.4856696432249,389.1339720797294,-0.17
-0.16,0.045,51.0,1.0,1.0,333.48566964322487,390.325249567383,-0.16
-0.15,0.045,51.0,1.0,1.0,333.48566964322475,390.95967822905993,-0.15
-0.14,0.045,51.0,1.0,1.0,333.485669643225,391.23333036110495,-0.14
-0.13,0.045,51.0,1.0,1.0,333.4856696432248,391.5070023661106,-0.13
-0.12,0.045,51.0,1.0,1.0,333.485669643225,391.7806932008203,-0.12
-0.11,0.045,51.0,1.0,1.0,333.48566964322487,392.0544018994908,-0.11
-0.1,0.045,51.0,1.0,1.0,333.48566964322475,392.32812761568675,-0.1
-0.09,0.045,51.0,1.0,1.0,333.48566964322464,392.6018696254711,-0.09
-0.08,0.045,51.0,1.0,1.0,333.4856696432249,392.8756273163038,-0.08
-0.07,0.045,51.0,1.0,1.0,333.48566964322464,393.14940017184904,-0.07
-0.06,0.045,51.0,1.0,1.0,333.48566964322475,393.4231877568535,-0.06
-0.05,0.045,51.0,1.0,1.0,333.48566964322487,393.46898467000733,-0.05
-0.04,0.045,51.0,1.0,1.0,333.485669643225,393.4689846700075,-0.04
-0.03,0.045,51.0,1.0,1.0,333.48566964322487,393.46898467000733,-0.03
-0.02,0.045,51.0,1.0,1.0,333.48566964322487,393.4689846700073,-0.02
-0.01,0.045,51.0,1.0,1.0,333.4856696432248,393.46898467000733,-0.01
0.0,0.045,51.0,1.0,1.0,333.48566964322487,393.4689846700073,0.0
-1.0,0.05,49.66078445016782,0.973740871571918,0.5770257776008105,126.41391843412624,500.4333692196714,-1.0
-0.99,0.05,49.703475825518055,0.9745779573630992,0.5878013239232502,165.02333897257606,504.0937091993774,-0.99
-0.98,0.05,49.74611335048971,0.9754139872645041,0.5985768702456901,145.6417027211442,504.2882026304774,-0.98
-0.97,0.05,49.788697881033215,0.9762489780594749,0.6093524165681298,151.19036833057865,502.9793421764096,-0.97
-0.96,0.05,49.831229935872365,0.977082939919066,0.6201279628905696,159.1762109386956,501.5011711153291,-0.96
-0.95,0.05,49.87370974252659,0.977915877304443,0.6309035092130094,152.04604634865447,499.9327223860116,-0.95
-0.94,0.05,49.9161372676495,0.978747789561755,0.6416790555354492,172.59193166721948,498.3324268847027,-0.94
-0.93,0.05,49.958512225853156,0.97957867109516,0.6524546018578891,170.92921707111265,496.4815634626431,-0.93
-0.92,0.05,50.00083402286036,0.9804085102521639,0.6632301481803288,186.0346148274327,495.0423656989097,-0.92
-0.91,0.05,50.04310139962995,0.9812372823456852,0.6740056945027683,210.01285763729504,493.3485405649949,-0.91
-0.9,0.05,50.08531059759472,0.9820649136783278,0.6847812408252083,203.96271139262177,491.6028522942891,-0.9
-0.89,0.05,50.12177146430303,0.9827798326333927,0.6955567871476477,222.21416012341217,489.6880109995644,-0.89
-0.88,0.05,50.15422971830459,0.9834162689863646,0.7063323334700877,221.02439888995494,487.0688475730723,-0.88
-0.87,0.05,50.18652597172512,0.9840495288573553,0.7171078797925272,217.58652107256717,481.7337866429552,-0.87
-0.86,0.05,50.21856619967923,0.9846777686211614,0.7278834261149674,221.39171897325267,468.4149222169821,-0.86
-0.85,0.05,50.25071874111456,0.9853082106100894,0.7386589724374069,225.21743694902491,461.8585251548985,-0.85
-0.84,0.05,50.28305379015825,0.9859422311795735,0.7494345187598469,233.10839684775468,459.1352391238334,-0.84
-0.83,0.05,50.31535633483463,0.9865756144085222,0.7602100650822865,241.76148394371418,457.73810156577485,-0.83
-0.82,0.05,50.347649648828124,0.9872088166436888,0.7709856114047264,246.52908305640423,456.6959624855544,-0.82
-0.81,0.05,50.37995161004788,0.9878421884323114,0.781761157727166,254.16819805528303,455.69871691479693,-0.81
-0.8,0.05,50.412219786356516,0.9884748977716964,0.7925367040496057,269.0453454897719,454.4244688138777,-0.8
-0.79,0.05,50.4444546880612,0.9891069546678667,0.8033122503720457,279.55624033265104,452.3141965065052,-0.79
-0.78,0.05,50.4766578802118,0.9897383898080746,0.8140877966944855,281.364699328314,451.426229495219,-0.78
-0.77,0.05,50.50883178652355,0.990369250716148,0.8248633430169251,282.4636756204592,453.3650453285533,-0.77
-0.76,0.05,50.54097976254812,0.990999603187218,0.835638889339365,283.30136146590087,453.8912915648154,-0.76
-0.75,0.05,50.573106173235715,0.9916295328085434,0.8464144356618047,287.9986097595541,454.0409219656456,-0.75
-0.74,0.05,50.60521639258842,0.9922591449527141,0.8571899819842447,290.7982384244929,454.1849431939324,-0.74
-0.73,0.05,50.6373166758067,0.9928885622707196,0.867965528306684,294.4329383004169,454.3539714755381,-0.73
-0.72,0.05,50.66941386875723,0.9935179189952399,0.878741074629124,292.13521365082335,454.51987297050516,-0.72
-0.71,0.05,50.70151494424901,0.9941473518480198,0.8895166209515638,296.86580047069344,454.66710462435327,-0.71
-0.7,0.05,50.73362639800379,0.9947769881961528,0.9002921672740035,296.655305214402,454.78909236850444,-0.7
-0.69,0.05,50.76575360832832,0.9954069334966337,0.9110677135964433,303.0632291813102,454.8846762374609,-0.69
-0.68,0.05,50.79790040045666,0.9960372627540522,0.9218432599188828,325.6785221159794,454.9549026851014,-0.68
-0.67,0.05,50.82982777150322,0.996663289637318,0.9326188062413228,325.9252206587269,454.14597045753953,-0.67
-0.66,0.05,50.861135952935456,0.9972771755477541,0.9433943525637623,326.22893065636,452.08045954570935,-0.66
-0.65,0.05,50.89240181804968,0.9978902317264643,0.9541698988862024,326.53348266317096,449.9521777287096,-0.65
-0.64,0.05,50.92363674316125,0.998502681238456,0.9649454452086419,326.8334347107654,447.63539334582015,-0.64
-0.63,0.05,50.95484102301332,0.9991145298630063,0.9757209915310822,327.11283748593826,444.76604570069196,-0.63
-0.62,0.05,50.985718404976225,0.999719968725024,0.9864965378535215,327.3923476277741,440.4646761521266,-0.62
-0.61,0.05,50.99727208417596,0.9999465114544306,0.9972720841759617,327.67438585299044,433.633530561294,-0.61
-0.6,0.05,51.0,1.0,1.0,327.95750120340955,425.405073263801,-0.6
-0.59,0.05,51.0,1.0,1.0,328.24179352986744,419.22647481862106,-0.59
-0.58,0.05,51.0,1.0,1.0,328.5269522520042,415.36244988149946,-0.58
-0.57,0.05,51.0,1.0,1.0,328.8127264239504,412.60460167062917,-0.57
-0.56,0.05,51.0,1.0,1.0,329.1001397694318,410.2140908499567,-0.56
-0.55,0.05,51.0,1.0,1.0,329.3889411733113,407.90740299687997,-0.55
-0.54,0.05,51.0,1.0,1.0,329.67905253262705,405.5949840203527,-0.54
-0.53,0.05,51.0,1.0,1.0,329.97047777870534,403.2694382444922,-0.53
-0.52,0.05,51.0,1.0,1.0,330.2632419313005,400.9832703335113,-0.52
-0.51,0.05,51.0,1.0,1.0,330.5574285050956,398.8586939690393,-0.51
-0.5,0.05,51.0,1.0,1.0,330.8525008864526,397.08259614949355,-0.5
-0.49,0.05,51.0,1.0,1.0,331.14994522037006,395.8381408773386,-0.49
-0.48,0.05,51.0,1.0,1.0,331.44929263551103,395.17562392811277,-0.48
-0.47,0.05,51.0,1.0,1.0,331.7497646628499,394.99307243559105,-0.47
-0.46,0.05,51.0,1.0,1.0,332.0537372521073,395.0883474266753,-0.46
-0.45,0.05,51.0,1.0,1.0,332.3606398303594,395.28112646135224,-0.45
-0.44,0.05,51.0,1.0,1.0,332.66983933385416,395.4697100695209,-0.44
-0.43,0.05,51.0,1.0,1.0,332.9851655924089,395.6191975478096,-0.43
-0.42,0.05,51.0,1.0,1.0,333.3089447458674,395.7263473548892,-0.42
-0.41,0.05,51.0,1.0,1.0,333.4856696432248,395.74108289928694,-0.41
-0.4,0.05,51.0,1.0,1.0,333.4856696432248,395.72708109689006,-0.4
-0.39,0.05,51.0,1.0,1.0,333.4856696432249,395.7127981871993,-0.39
-0.38,0.05,51.0,1.0,1.0,333.4856696432248,395.698236249185,-0.38
-0.37,0.05,51.0,1.0,1.0,333.48566964322487,395.68339796626316,-0.37
-0.36,0.05,51.0,1.0,1.0,333.48566964322487,395.6682866700445,-0.36
-0.35,0.05,51.0,1.0,1.0,333.48566964322487,395.6528911996342,-0.35
-0.34,0.05,51.0,1.0,1.0,333.4856696432248,395.6350811184099,-0.34
-0.33,0.05,51.0,1.0,1.0,333.485669643225,395.6167436042368,-0.33
-0.32,0.05,51.0,1.0,1.0,333.4856696432248,395.59786272972576,-0.32
-0.31,0.05,51.0,1.0,1.0,333.485669643225,395.57840923445724,-0.31
-0.3,0.05,51.0,1.0,1.0,333.48566964322487,395.5582934807285,-0.3
-0.29,0.05,51.0,1.0,1.0,333.48566964322487,395.53746044329176,-0.29
-0.28,0.05,51.0,1.0,1.0,333.48566964322464,395.5156025249367,-0.28
-0.27,0.05,51.0,1.0,1.0,333.48566964322475,395.4900122565986,-0.27
-0.26,0.05,51.0,1.0,1.0,333.4856696432248,395.4599026404025,-0.26
-0.25,0.05,51.0,1.0,1.0,333.48566964322487,395.4218522236106,-0.25
-0.24,0.05,51.0,1.0,1.0,333.48566964322487,395.3694369426585,-0.24
-0.23,0.05,51.0,1.0,1.0,333.4856696432248,395.2770687331588,-0.23
-0.22,0.05,51.0,1.0,1.0,333.4856696432249,395.0859948925386,-0.22
-0.21,0.05,51.0,1.0,1.0,333.4856696432249,394.7505986632028,-0.21
-0.2,0.05,51.0,1.0,1.0,333.4856696432248,394.11456094334613,-0.2
-0.19,0.05,51.0,1.0,1.0,333.48566964322475,392.6318373549468,-0.19
-0.18,0.05,51.0,1.0,1.0,333.48566964322464,387.91434085851824,-0.18
-0.17,0.05,51.0,1.0,1.0,333.4856696432249,389.1340681409368,-0.17
-0.16,0.05,51.0,1.0,1.0,333.48566964322487,390.3251748185032,-0.16
-0.15,0.05,51.0,1.0,1.0,333.48566964322475,390.95962894001855,-0.15
-0.14,0.05,51.0,1.0,1.0,333.485669643225,391.2332901712047,-0.14
-0.13,0.05,51.0,1.0,1.0,333.4856696432248,391.5069700131796,-0.13
-0.12,0.05,51.0,1.0,1.0,333.485669643225,391.78066757242414,-0.12
-0.11,0.05,51.0,1.0,1.0,333.48566964322487,392.0543820539849,-0.11
-0.1,0.05,51.0,1.0,1.0,333.48566964322475,392.3281127699072,-0.1
-0.09,0.05,51.0,1.0,1.0,333.48566964322464,392.6018591323366,-0.09
-0.08,0.05,51.0,1.0,1.0,333.4856696432249,392.8756206414677,-0.08
-0.07,0.05,51.0,1.0,1.0,333.48566964322464,393.1493968726864,-0.07
-0.06,0.05,51.0,1.0,1.0,333.48566964322475,393.4231874646587,-0.06
-0.05,0.05,51.0,1.0,1.0,333.48566964322487,393.46898484915124,-0.05
-0.04,0.05,51.0,1.0,1.0,333.485669643225,393.4689848491512,-0.04
-0.03,0.05,51.0,1.0,1.0,333.48566964322487,393.46898484915124,-0.03
-0.02,0.05,51.0,1.0,1.0,333.48566964322487,393.4689848491511,-0.02
-0.01,0.05,51.0,1.0,1.0,333.4856696432248,393.4689848491511,-0.01
0.0,0.05,51.0,1.0,1.0,333.48566964322487,393.4689848491512,0.0
-1.0,0.055,49.6856987509622,0.9742293872737687,0.5770257776008105,132.35917151433853,493.2161871216595,-1.0
-0.99,0.055,49.72829297439223,0.9750645681253379,0.5878013239232502,154.08997974524544,493.951741157631,-0.99
-0.98,0.055,49.770832125234335,0.9758986691222419,0.5985768702456901,143.828878071356,494.65511134844735,-0.98
-0.97,0.055,49.81331710531204,0.9767317079472949,0.6093524165681298,148.70022697625984,493.5421255112144,-0.97
-0.96,0.055,49.85574842049785,0.9775636945195656,0.6201279628905696,160.65972024266983,492.23771532963696,-0.96
-0.95,0.055,49.898126236376584,0.9783946320858153,0.6309035092130094,152.09447104574227,490.8190749135249,-0.95
-0.94,0.055,49.94045041671342,0.979224517974773,0.6416790555354492,173.8621028829637,489.36704324737605,-0.94
-0.93,0.055,49.98272053905228,0.9800533439029859,0.6524546018578891,168.79900886215063,487.47653712998,-0.93
-0.92,0.055,50.02493583970301,0.9808810948961375,0.6632301481803288,187.07190366134452,486.3534622058397,-0.92
-0.91,0.055,50.05755358946441,0.9815206586169493,0.6740056945027683,206.37190800561768,484.78670598230633,-0.91
-0.9,0.055,50.09012083420635,0.9821592320432618,0.6847812408252083,203.45977748110002,483.1669461259793,-0.9
-0.89,0.055,50.122649949922824,0.982797057841624,0.6955567871476477,219.84286477168203,481.3749375323759,-0.89
-0.88,0.055,50.15511115217474,0.9834335520034263,0.7063323334700877,228.90051865720477,478.8997965035707,-0.88
-0.87,0.055,50.187394810802076,0.9840665649176877,0.7171078797925272,218.086228792625,473.70905884420966,-0.87
-0.86,0.055,50.21938617835012,0.9846938466343161,0.7278834261149674,221.89085570734042,461.88741190358394,-0.86
-0.85,0.055,50.25148893713171,0.9853233124927786,0.7386589724374069,227.9068615658523,456.51139178935864,-0.85
-0.84,0.055,50.28381874879861,0.9859572303686002,0.7494345187598469,235.08546596526804,454.02516097638534,-0.84
-0.83,0.055,50.316116472061374,0.9865905190600269,0.7602100650822865,241.14333804476547,452.92222977288424,-0.83
-0.82,0.055,50.34840968376024,0.9872237192894164,0.7709856114047264,246.98728720773585,452.1266898985302,-0.82
-0.81,0.055,50.3807191674164,0.9878572385767922,0.781761157727166,256.2600691901141,451.382599830721,-0.81
-0.8,0.055,50.412998418733935,0.9884901650732144,0.7925367040496057,264.61944801823967,450.5482739287011,-0.8
-0.79,0.055,50.4452496835997,0.9891225428156804,0.8033122503720457,278.6714011305775,450.0324532194809,-0.79
-0.78,0.055,50.47747660147519,0.9897544431661802,0.8140877966944855,282.4191321331285,452.35409657686085,-0.78
-0.77,0.055,50.50968383569394,0.9903859575626263,0.8248633430169251,283.42465954081945,454.05428231821367,-0.77
-0.76,0.055,50.54187695028317,0.9910171951035915,0.835638889339365,280.8242181757338,454.46397690945935,-0.76
-0.75,0.055,50.57406221967605,0.9916482788171774,0.8464144356618047,288.6918068754357,454.63572862381955,-0.75
-0.74,0.055,50.60624629689806,0.9922793391548639,0.8571899819842447,290.599979692796,454.76644740497517,-0.74
-0.73,0.055,50.6384357323043,0.9929105045549863,0.867965528306684,291.652622948071,454.87486641181874,-0.73
-0.72,0.055,50.67063637795635,0.9935418897638499,0.878741074629124,293.8636170239979,454.96084062355055,-0.72
-0.71,0.055,50.702852753645246,0.9941735834048088,0.8895166209515638,295.24811829342354,455.0257315004444,-0.71
-0.7,0.055,50.73520801116665,0.9948080002189539,0.9002921672740035,298.85519015481384,455.04389892709526,-0.7
-0.69,0.055,50.767087003312625,0.995433078496326,0.9110677135964433,305.2384749600986,454.0741968343124,-0.69
-0.68,0.055,50.7984779383839,0.9960485870271353,0.9218432599188828,325.6222204928857,452.1995516636948,-0.68
-0.67,0.055,50.82982777150322,0.996663289637318,0.9326188062413228,325.9252206587269,450.3141294843343,-0.67
-0.66,0.055,50.861135952935456,0.9972771755477541,0.9433943525637623,326.22893065636,448.4053909977902,-0.66
-0.65,0.055,50.89240181804968,0.9978902317264643,0.9541698988862024,326.53348266317096,446.4343325625571,-0.65
-0.64,0.055,50.92364438535872,0.9985028310854651,0.9649454452086419,326.82703382560555,444.2733543261218,-0.64
-0.63,0.055,50.954848689958936,0.9991146801952733,0.9757209915310822,327.10598503691324,441.5636438664262,-0.63
-0.62,0.055,50.9857259789337,0.9997201172339941,0.9864965378535215,327.38565093130757,437.42399402838635,-0.62
-0.61,0.055,50.99727208417596,0.9999465114544306,0.9972720841759617,327.6679121944701,430.7572357403989,-0.61
-0.6,0.055,51.0,1.0,1.0,327.95113969336563,422.6895138678358,-0.6
-0.59,0.055,51.0,1.0,1.0,328.2355729821844,416.64013056760706,-0.59
-0.58,0.055,51.0,1.0,1.0,328.5206823363959,412.9024775486292,-0.58
-0.57,0.055,51.0,1.0,1.0,328.8066849862004,410.2760050658507,-0.57
-0.56,0.055,51.0,1.0,1.0,329.0942719639748,408.02219951144053,-0.56
-0.55,0.055,51.0,1.0,1.0,329.3832357882644,405.8610369693067,-0.55
-0.54,0.055,51.0,1.0,1.0,329.6735174413461,403.71338283788106,-0.54
-0.53,0.055,51.0,1.0,1.0,329.9644234727728,401.59015299068005,-0.53
-0.52,0.055,51.0,1.0,1.0,330.2573826254625,399.5662854773774,-0.52
-0.51,0.055,51.0,1.0,1.0,330.55178641795004,397.7751358176897,-0.51
-0.5,0.055,51.0,1.0,1.0,330.8467274831258,396.3770567360428,-0.5
-0.49,0.055,51.0,1.0,1.0,331.1444538537568,395.48208225244997,-0.49
-0.48,0.055,51.0,1.0,1.0,331.44412614388386,395.0737072078289,-0.48
-0.47,0.055,51.0,1.0,1.0,331.746006537552,395.0122884649439,-0.47
-0.46,0.055,51.0,1.0,1.0,332.04926894128425,395.1389597399738,-0.46
-0.45,0.055,51.0,1.0,1.0,332.3566506375265,395.32271234488906,-0.45
-0.44,0.055,51.0,1.0,1.0,332.66772735131707,395.4931992912686,-0.44
-0.43,0.055,51.0,1.0,1.0,332.9838082041607,395.6286783117342,-0.43
-0.42,0.055,51.0,1.0,1.0,333.3060989379686,395.7261349545706,-0.42
-0.41,0.055,51.0,1.0,1.0,333.4856696432248,395.7387793780441,-0.41
-0.4,0.055,51.0,1.0,1.0,333.4856696432248,395.7247793366367,-0.4
-0.39,0.055,51.0,1.0,1.0,333.4856696432249,395.7104981713165,-0.39
-0.38,0.055,51.0,1.0,1.0,333.4856696432248,395.69593795471303,-0.38
-0.37,0.055,51.0,1.0,1.0,333.48566964322487,395.6811013757292,-0.37
-0.36,0.055,51.0,1.0,1.0,333.48566964322487,395.66599176034566,-0.36
-0.35,0.055,51.0,1.0,1.0,333.48566964322487,395.6505949290354,-0.35
-0.34,0.055,51.0,1.0,1.0,333.4856696432248,395.6327853089325,-0.34
-0.33,0.055,51.0,1.0,1.0,333.485669643225,395.6144506784081,-0.33
-0.32,0.055,51.0,1.0,1.0,333.4856696432248,395.5955379485155,-0.32
-0.31,0.055,51.0,1.0,1.0,333.485669643225,395.5759984392475,-0.31
-0.3,0.055,51.0,1.0,1.0,333.48566964322487,395.55576968371895,-0.3
-0.29,0.055,51.0,1.0,1.0,333.48566964322487,395.5343450294563,-0.29
-0.28,0.055,51.0,1.0,1.0,333.48566964322464,395.50975843851063,-0.28
-0.27,0.055,51.0,1.0,1.0,333.48566964322475,395.4814254326796,-0.27
-0.26,0.055,51.0,1.0,1.0,333.4856696432248,395.4468045717844,-0.26
-0.25,0.055,51.0,1.0,1.0,333.48566964322487,395.4013666011927,-0.25
-0.24,0.055,51.0,1.0,1.0,333.48566964322487,395.3265930198718,-0.24
-0.23,0.055,51.0,1.0,1.0,333.4856696432248,395.17811079549637,-0.23
-0.22,0.055,51.0,1.0,1.0,333.4856696432249,394.9343174710396,-0.22
-0.21,0.055,51.0,1.0,1.0,333.4856696432249,394.5141989346106,-0.21
-0.2,0.055,51.0,1.0,1.0,333.4856696432248,393.7161395196812,-0.2
-0.19,0.055,51.0,1.0,1.0,333.48566964322475,391.7521307599591,-0.19
-0.18,0.055,51.0,1.0,1.0,333.48566964322464,387.93877344795396,-0.18
-0.17,0.055,51.0,1.0,1.0,333.4856696432249,389.13402183827384,-0.17
-0.16,0.055,51.0,1.0,1.0,333.48566964322487,390.3251163014212,-0.16
-0.15,0.055,51.0,1.0,1.0,333.48566964322475,390.9595905564392,-0.15
-0.14,0.055,51.0,1.0,1.0,333.485669643225,391.2332587294631,-0.14
-0.13,0.055,51.0,1.0,1.0,333.4856696432248,391.50694455970796,-0.13
-0.12,0.055,51.0,1.0,1.0,333.485669643225,391.7806472894386,-0.12
-0.11,0.055,51.0,1.0,1.0,333.48566964322487,392.05436625494764,-0.11
-0.1,0.055,51.0,1.0,1.0,333.48566964322475,392.3281008838014,-0.1
-0.09,0.055,51.0,1.0,1.0,333.48566964322464,392.60185068560395,-0.09
-0.08,0.055,51.0,1.0,1.0,333.4856696432249,392.87561524104973,-0.08
-0.07,0.055,51.0,1.0,1.0,333.48566964322464,393.14939419130354,-0.07
-0.06,0.055,51.0,1.0,1.0,333.48566964322475,393.4231872284883,-0.06
-0.05,0.055,51.0,1.0,1.0,333.48566964322487,393.4689849984382,-0.05
-0.04,0.055,51.0,1.0,1.0,333.485669643225,393.4689849984382,-0.04
-0.03,0.055,51.0,1.0,1.0,333.48566964322487,393.46898499843826,-0.03
-0.02,0.055,51.0,1.0,1.0,333.48566964322487,393.46898499843826,-0.02
-0.01,0.055,51.0,1.0,1.0,333.4856696432248,393.4689849984382,-0.01
0.0,0.055,51.0,1.0,1.0,333.48566964322487,393.4689849984382,0.0
-1.0,0.06,49.70975184223252,0.9747010165143631,0.5770257776008105,126.04318066159306,489.688583840495,-1.0
-0.99,0.06,49.752248535630955,0.9755342850123716,0.5878013239232502,145.96741294198495,484.9432839014026,-0.99
-0.98,0.06,49.79468874551249,0.976366445990441,0.5985768702456901,142.9612468794507,486.3488052819487,-0.98
-0.97,0.06,49.8370734191281,0.9771975180221196,0.6093524165681298,152.33063407566527,485.4236048592524,-0.97
-0.96,0.06,49.87940304992779,0.9780275107828978,0.6201279628905696,160.0121128714286,484.2730222888186,-0.96
-0.95,0.06,49.92167774687255,0.9788564264092656,0.6309035092130094,152.79359115883307,482.96330486808586,-0.95
-0.94,0.06,49.96041561061109,0.9796159923649234,0.6416790555354492,172.42757581224578,481.6164589530703,-0.94
-0.93,0.06,49.99308581542689,0.9802565846162135,0.6524546018578891,165.03583049184607,479.3468766373088,-0.93
-0.92,0.06,50.025725073348084,0.9808965700656487,0.6632301481803288,188.9259657638355,478.7898357879648,-0.92
-0.91,0.06,50.05833272833324,0.9815359358496714,0.6740056945027683,200.99768150500103,477.2959843465477,-0.91
-0.9,0.06,50.09090701290318,0.982174647311827,0.6847812408252083,203.78987506496543,475.761605908228,-0.9
-0.89,0.06,50.12344084209773,0.982812565531328,0.6955567871476477,216.866102171289,474.04142953273066,-0.89
-0.88,0.06,50.155902075965344,0.9834490603130459,0.7063323334700877,228.15173240924673,471.6529439904444,-0.88
-0.87,0.06,50.18817062178051,0.984081776897657,0.7171078797925272,217.45369335225539,466.54571869844153,-0.87
-0.86,0.06,50.22011162768514,0.9847080711310813,0.7278834261149674,219.8970841275207,456.97299745570615,-0.86
-0.85,0.06,50.25216422034956,0.9853365533401875,0.7386589724374069,227.54095085231782,452.571565871694,-0.85
-0.84,0.06,50.28449422029163,0.985970474907679,0.7494345187598469,229.86653896525877,450.52065950413913,-0.84
-0.83,0.06,50.316796437541484,0.9866038517164997,0.7602100650822865,250.9076562318181,450.00468652370506,-0.83
-0.82,0.06,50.34910279853699,0.987237309775235,0.7709856114047264,247.5800630434261,449.8589353100526,-0.82
-0.81,0.06,50.38143598955007,0.9878712939127464,0.781761157727166,257.76017817049296,449.91362691361314,-0.81
-0.8,0.06,50.413747040573696,0.9885048439328176,0.7925367040496057,263.926537758233,450.3057835903703,-0.8
-0.79,0.06,50.446040138039436,0.9891380419223419,0.8033122503720457,279.80191319011163,451.7176668086241,-0.79
-0.78,0.06,50.47832078031077,0.989770995692368,0.8140877966944855,279.03193982561527,453.92499722926755,-0.78
-0.77,0.06,50.51059508412242,0.990403825178871,0.8248633430169251,284.8894704640044,454.7650311659901,-0.77
-0.76,0.06,50.54286934864878,0.9910366538950741,0.835638889339365,281.10549611498556,454.9590349880262,-0.76
-0.75,0.06,50.575149569265605,0.9916695993973648,0.8464144356618047,283.6529469222754,455.0367838047376,-0.75
-0.74,0.06,50.60744088676037,0.9923027624854975,0.8571899819842447,291.2252034114115,455.094440571361,-0.74
-0.73,0.06,50.63975034233461,0.9929362812222472,0.867965528306684,291.36869652808554,455.1354194914199,-0.73
-0.72,0.06,50.67231310896878,0.9935747668425251,0.878741074629124,295.9646297086285,455.11835769146796,-0.72
-0.71,0.06,50.70418352922094,0.9941996770435478,0.8895166209515638,295.5345171788403,454.10134192308357,-0.71
-0.7,0.06,50.735655414046775,0.9948167728244466,0.9002921672740035,297.21551820110625,452.36765438590766,-0.7
-0.69,0.06,50.767087003312625,0.995433078496326,0.9110677135964433,305.19997745614336,450.6292380324915,-0.69
-0.68,0.06,50.7984779383839,0.9960485870271353,0.9218432599188828,325.6222204928857,448.88443577229106,-0.68
-0.67,0.06,50.82982777150322,0.996663289637318,0.9326188062413228,325.9252206587269,447.1290253657966,-0.67
-0.66,0.06,50.861135952935456,0.9972771755477541,0.9433943525637623,326.22893065636,445.350556032043,-0.66
-0.65,0.06,50.89240181804968,0.9978902317264643,0.9541698988862024,326.53348266317096,443.50844388577696,-0.65
-0.64,0.06,50.92365175198482,0.9985029755291142,0.9649454452086419,326.8204317416933,441.47377438402214,-0.64
-0.63,0.06,50.954856075184566,0.9991148250036189,0.9757209915310822,327.0993846315444,438.9011344755626,-0.63
-0.62,0.06,50.98573326924294,0.9997202601812342,0.9864965378535215,327.37923556751144,434.8956219378963,-0.62
-0.61,0.06,50.99727208417596,0.9999465114544306,0.9972720841759617,327.66146490635634,428.3633057450411,-0.61
-0.6,0.06,51.0,1.0,1.0,327.9450442825051,420.42434287544,-0.6
-0.59,0.06,51.0,1.0,1.0,328.2295863380643,414.4716443512117,-0.59
-0.58,0.06,51.0,1.0,1.0,328.514695438367,410.8310966885311,-0.58
-0.57,0.06,51.0,1.0,1.0,328.80093877247424,408.3117355895409,-0.57
-0.56,0.06,51.0,1.0,1.0,329.0879843061699,406.1757085191145,-0.56
-0.55,0.06,51.0,1.0,1.0,329.3771146517395,404.14780809130474,-0.55
-0.54,0.06,51.0,1.0,1.0,329.66756529425203,402.1602898434642,-0.54
-0.53,0.06,51.0,1.0,1.0,329.9593374416883,400.2399035531575,-0.53
-0.52,0.06,51.0,1.0,1.0,330.25142228970844,398.4739277440793,-0.52
-0.51,0.06,51.0,1.0,1.0,330.54604601988274,396.9887008964527,-0.51
-0.5,0.06,51.0,1.0,1.0,330.84226743757756,395.90428299792904,-0.5
-0.49,0.06,51.0,1.0,1.0,331.1391306631731,395.26911532731253,-0.49
-0.48,0.06,51.0,1.0,1.0,331.4391245083556,395.02494330341756,-0.48
-0.47,0.06,51.0,1.0,1.0,331.7413658656089,395.0408072339753,-0.47
-0.46,0.06,51.0,1.0,1.0,332.046198610762,395.1821758364991,-0.46
-0.45,0.06,51.0,1.0,1.0,332.35302448063214,395.35536573727404,-0.45
-0.44,0.06,51.0,1.0,1.0,332.66447673761826,395.51239341535535,-0.44
-0.43,0.06,51.0,1.0,1.0,332.98088356101374,395.63639021024414,-0.43
-0.42,0.06,51.0,1.0,1.0,333.3056668209227,395.72589269748056,-0.42
-0.41,0.06,51.0,1.0,1.0,333.4856696432248,395.7368043546326,-0.41
-0.4,0.06,51.0,1.0,1.0,333.4856696432248,395.72280577772756,-0.4
-0.39,0.06,51.0,1.0,1.0,333.4856696432249,395.7085260650636,-0.39
-0.38,0.06,51.0,1.0,1.0,333.4856696432248,395.69396728831,-0.38
-0.37,0.06,51.0,1.0,1.0,333.48566964322487,395.67913179166214,-0.37
-0.36,0.06,51.0,1.0,1.0,333.48566964322487,395.66402243371084,-0.36
-0.35,0.06,51.0,1.0,1.0,333.48566964322487,395.64862547177097,-0.35
-0.34,0.06,51.0,1.0,1.0,333.4856696432248,395.6308170724745,-0.34
-0.33,0.06,51.0,1.0,1.0,333.485669643225,395.61243574031954,-0.33
-0.32,0.06,51.0,1.0,1.0,333.4856696432248,395.59345996949736,-0.32
-0.31,0.06,51.0,1.0,1.0,333.485669643225,395.57382529187373,-0.31
-0.3,0.06,51.0,1.0,1.0,333.48566964322487,395.55291771878433,-0.3
-0.29,0.06,51.0,1.0,1.0,333.48566964322487,395.529360240069,-0.29
-0.28,0.06,51.0,1.0,1.0,333.48566964322464,395.50268401954816,-0.28
-0.27,0.06,51.0,1.0,1.0,333.48566964322475,395.47099693199533,-0.27
-0.26,0.06,51.0,1.0,1.0,333.4856696432248,395.43105668250985,-0.26
-0.25,0.06,51.0,1.0,1.0,333.48566964322487,395.36942259510965,-0.25
-0.24,0.06,51.0,1.0,1.0,333.48566964322487,395.2508561993722,-0.24
-0.23,0.06,51.0,1.0,1.0,333.4856696432248,395.0661941177271,-0.23
-0.22,0.06,51.0,1.0,1.0,333.4856696432249,394.7686244606139,-0.22
-0.21,0.06,51.0,1.0,1.0,333.4856696432249,394.26063248766036,-0.21
-0.2,0.06,51.0,1.0,1.0,333.4856696432248,393.2834827452905,-0.2
-0.19,0.06,51.0,1.0,1.0,333.48566964322475,390.2413746243688,-0.19
-0.18,0.06,51.0,1.0,1.0,333.48566964322464,387.94189051367744,-0.18
-0.17,0.06,51.0,1.0,1.0,333.4856696432249,389.1339533507616,-0.17
-0.16,0.06,51.0,1.0,1.0,333.48566964322487,390.32506977227666,-0.16
-0.15,0.06,51.0,1.0,1.0,333.48566964322475,390.9595599131931,-0.15
-0.14,0.06,51.0,1.0,1.0,333.485669643225,391.2332335094368,-0.14
-0.13,0.06,51.0,1.0,1.0,333.4856696432248,391.50692403828776,-0.13
-0.12,0.06,51.0,1.0,1.0,333.485669643225,391.7806308521497,-0.12
-0.11,0.06,51.0,1.0,1.0,333.48566964322487,392.0543533870721,-0.11
-0.1,0.06,51.0,1.0,1.0,333.48566964322475,392.3280911563703,-0.1
-0.09,0.06,51.0,1.0,1.0,333.48566964322464,392.6018437414722,-0.09
-0.08,0.06,51.0,1.0,1.0,333.4856696432249,392.875610782439,-0.08
-0.07,0.06,51.0,1.0,1.0,333.48566964322464,393.14939196918,-0.07
-0.06,0.06,51.0,1.0,1.0,333.48566964322475,393.42318703372104,-0.06
-0.05,0.06,51.0,1.0,1.0,333.48566964322487,393.468985124759,-0.05
-0.04,0.06,51.0,1.0,1.0,333.485669643225,393.46898512475906,-0.04
-0.03,0.06,51.0,1.0,1.0,333.48566964322487,393.46898512475894,-0.03
-0.02,0.06,51.0,1.0,1.0,333.48566964322487,393.46898512475906,-0.02
-0.01,0.06,51.0,1.0,1.0,333.4856696432248,393.468985124759,-0.01
0.0,0.06,51.0,1.0,1.0,333.48566964322487,393.468985124759,0.0
-1.0,0.065,49.73298976947601,0.9751566621465885,0.5770257776008105,126.7328681789474,485.0046885584868,-1.0
-0.99,0.065,49.77538888153279,0.9759880172849567,0.5878013239232502,145.56621221279275,476.59491368090914,-0.99
-0.98,0.065,49.81772987865718,0.9768182329148467,0.5985768702456901,144.50665320869024,479.0351649475372,-0.98
-0.97,0.065,49.860013775797036,0.9776473289371967,0.6093524165681298,147.71661177705107,478.17557573720364,-0.97
-0.96,0.065,49.89563590730036,0.9783458021039286,0.6201279628905696,161.64801593922576,477.208920115216,-0.96
-0.95,0.065,49.92837984695818,0.9789878401364349,0.6309035092130094,154.18115267983538,475.97472073635697,-0.95
-0.94,0.065,49.96109181983056,0.9796292513692266,0.6416790555354492,169.42592945684814,474.69265254826706,-0.94
-0.93,0.065,49.99377156638139,0.9802700307133606,0.6524546018578891,160.13168581778348,471.72757336046226,-0.93
-0.92,0.065,50.02641871619102,0.9809101709057062,0.6632301481803288,191.63539763818483,471.98048152212033,-0.92
-0.91,0.065,50.05903263780968,0.9815496595648957,0.6740056945027683,193.84506971536135,470.48151643552427,-0.91
-0.9,0.065,50.091611570338046,0.9821884621634911,0.6847812408252083,206.68560006454263,469.04820554676974,-0.9
-0.89,0.065,50.12414814092388,0.9828264341357623,0.6955567871476477,211.64731346262172,467.3673780740486,-0.89
-0.88,0.065,50.1566082179116,0.9834629062335607,0.7063323334700877,226.45939036938177,465.05635021585744,-0.88
-0.87,0.065,50.188862585343756,0.9840953448106619,0.7171078797925272,236.6868310089576,460.2973106505918,-0.87
-0.86,0.065,50.22076087478523,0.984720801466377,0.7278834261149674,222.74616436246572,452.76876468865265,-0.86
-0.85,0.065,50.25277693982799,0.9853485674476076,0.7386589724374069,228.43424414762887,450.0499048852841,-0.85
-0.84,0.065,50.285123138730896,0.9859828066417823,0.7494345187598469,233.55013332092145,450.00993292245477,-0.84
-0.83,0.065,50.31745146534736,0.9866166953989679,0.7602100650822865,241.7947818731654,450.5514039526493,-0.83
-0.82,0.065,50.34979659761344,0.9872509136786949,0.7709856114047264,258.325049369808,451.02983535343463,-0.82
-0.81,0.065,50.38218017668418,0.9878858858173368,0.781761157727166,256.2999711391797,451.52033354756685,-0.81
-0.8,0.065,50.41455318822672,0.9885206507495435,0.7925367040496057,266.20223354555065,452.22013748819313,-0.8
-0.79,0.065,50.44692073399314,0.9891553085096694,0.8033122503720457,278.71425042797887,453.45624804856,-0.79
-0.78,0.065,50.47928850352891,0.9897899706574297,0.8140877966944855,276.84964569266555,454.7212913085902,-0.78
-0.77,0.065,50.511661820171355,0.9904247415719873,0.8248633430169251,279.7538012684157,455.11983377995693,-0.77
-0.76,0.065,50.54404506995853,0.9910597072540888,0.835638889339365,286.6431783995326,455.1985146160186,-0.76
-0.75,0.065,50.57658787619495,0.9916978014940186,0.8464144356618047,289.0558106776962,455.1995354668549,-0.75
-0.74,0.065,50.6091993285928,0.9923372417371138,0.8571899819842447,290.191491248625,455.1842549224898,-0.74
-0.73,0.065,50.641119933810714,0.9929631359570729,0.867965528306684,294.17893548122476,454.2117069169591,-0.73
-0.72,0.065,50.67267163051701,0.9935817966768041,0.878741074629124,294.106768968645,452.5946853018395,-0.72
-0.71,0.065,50.70418352922094,0.9941996770435478,0.8895166209515638,295.4923926638581,450.9743071310755,-0.71
-0.7,0.065,50.735655414046775,0.9948167728244466,0.9002921672740035,297.2678409131358,449.3500453142584,-0.7
-0.69,0.065,50.767087003312625,0.995433078496326,0.9110677135964433,305.16377996931163,447.7210988424136,-0.69
-0.68,0.065,50.7984779383839,0.9960485870271353,0.9218432599188828,325.6222204928857,446.085856724123,-0.68
-0.67,0.065,50.82982777150322,0.996663289637318,0.9326188062413228,325.9252206587269,444.4401545382443,-0.67
-0.66,0.065,50.861135952935456,0.9972771755477541,0.9433943525637623,326.22893065636,442.7713576906978,-0.66
-0.65,0.065,50.89240181804968,0.9978902317264643,0.9541698988862024,326.53348266317096,441.03541919859947,-0.65
-0.64,0.065,50.92365887007896,0.9985031150995874,0.9649454452086419,326.81407611057983,439.10949497672624,-0.64
-0.63,0.065,50.954863206462285,0.9991149648325939,0.9757209915310822,327.09306483789004,436.6492073566688,-0.63
-0.62,0.065,50.985740304032625,0.9997203981182867,0.9864965378535215,327.3730708772658,432.76025124809865,-0.62
-0.61,0.065,50.99727208417596,0.9999465114544306,0.9972720841759617,327.65529451330235,426.3397042177893,-0.61
-0.6,0.065,51.0,1.0,1.0,327.93914422466884,418.5038960202928,-0.6
-0.59,0.065,51.0,1.0,1.0,328.22313032199656,412.62323245723263,-0.59
-0.58,0.065,51.0,1.0,1.0,328.5082698010688,409.05981487454346,-0.58
-0.57,0.065,51.0,1.0,1.0,328.7947249885083,406.6329432455911,-0.57
-0.56,0.065,51.0,1.0,1.0,329.082651989166,404.6050256935503,-0.56
-0.55,0.065,51.0,1.0,1.0,329.3708394746998,402.705945192382,-0.55
-0.54,0.065,51.0,1.0,1.0,329.6614673928424,400.8782391236265,-0.54
-0.53,0.065,51.0,1.0,1.0,329.9534259007265,399.1593044294818,-0.53
-0.52,0.065,51.0,1.0,1.0,330.2467694643921,397.6380202217083,-0.52
-0.51,0.065,51.0,1.0,1.0,330.54042573902143,396.4216847205829,-0.51
-0.5,0.065,51.0,1.0,1.0,330.83690353318815,395.58887052037466,-0.5
-0.49,0.065,51.0,1.0,1.0,331.13517946996967,395.1439036860154,-0.49
-0.48,0.065,51.0,1.0,1.0,331.43547704715957,395.01018983903447,-0.48
-0.47,0.065,51.0,1.0,1.0,331.73720388188804,395.0706691987646,-0.47
-0.46,0.065,51.0,1.0,1.0,332.0423929127524,395.21849761573117,-0.46
-0.45,0.065,51.0,1.0,1.0,332.3506477987568,395.38287854123644,-0.45
-0.44,0.065,51.0,1.0,1.0,332.6626681867949,395.52834138627895,-0.44
-0.43,0.065,51.0,1.0,1.0,332.97972941746684,395.64277888345197,-0.43
-0.42,0.065,51.0,1.0,1.0,333.30244043462085,395.7256406019831,-0.42
-0.41,0.065,51.0,1.0,1.0,333.4856696432248,395.73509332943854,-0.41
-0.4,0.065,51.0,1.0,1.0,333.4856696432248,395.7210959934471,-0.4
-0.39,0.065,51.0,1.0,1.0,333.4856696432249,395.7068174963198,-0.39
-0.38,0.065,51.0,1.0,1.0,333.4856696432248,395.6922592802723,-0.38
-0.37,0.065,51.0,1.0,1.0,333.48566964322487,395.6774247098615,-0.37
-0.36,0.065,51.0,1.0,1.0,333.48566964322487,395.6623173366183,-0.36
-0.35,0.065,51.0,1.0,1.0,333.48566964322487,395.6469094752104,-0.35
-0.34,0.065,51.0,1.0,1.0,333.4856696432248,395.62905630181353,-0.34
-0.33,0.065,51.0,1.0,1.0,333.485669643225,395.6106306698798,-0.33
-0.32,0.065,51.0,1.0,1.0,333.4856696432248,395.5915973419191,-0.32
-0.31,0.065,51.0,1.0,1.0,333.485669643225,395.5712524398809,-0.31
-0.3,0.065,51.0,1.0,1.0,333.48566964322487,395.54869711194624,-0.3
-0.29,0.065,51.0,1.0,1.0,333.48566964322487,395.5235363096136,-0.29
-0.28,0.065,51.0,1.0,1.0,333.48566964322464,395.49435156752725,-0.28
-0.27,0.065,51.0,1.0,1.0,333.48566964322475,395.45878989999295,-0.27
-0.26,0.065,51.0,1.0,1.0,333.4856696432248,395.4071715840961,-0.26
-0.25,0.065,51.0,1.0,1.0,333.48566964322487,395.31035058880553,-0.25
-0.24,0.065,51.0,1.0,1.0,333.48566964322487,395.1659721640828,-0.24
-0.23,0.065,51.0,1.0,1.0,333.4856696432248,394.9449574809687,-0.23
-0.22,0.065,51.0,1.0,1.0,333.4856696432249,394.5930640825675,-0.22
-0.21,0.065,51.0,1.0,1.0,333.4856696432249,393.9945463891679,-0.21
-0.2,0.065,51.0,1.0,1.0,333.4856696432248,392.8540058993027,-0.2
-0.19,0.065,51.0,1.0,1.0,333.48566964322475,384.1179479964989,-0.19
-0.18,0.065,51.0,1.0,1.0,333.48566964322464,387.94261642657324,-0.18
-0.17,0.065,51.0,1.0,1.0,333.4856696432249,389.1338879858432,-0.17
-0.16,0.065,51.0,1.0,1.0,333.48566964322487,390.32503210702055,-0.16
-0.15,0.065,51.0,1.0,1.0,333.48566964322475,390.95953493167525,-0.15
-0.14,0.065,51.0,1.0,1.0,333.485669643225,391.23321285776655,-0.14
-0.13,0.065,51.0,1.0,1.0,333.4856696432248,391.50690715743946,-0.13
-0.12,0.065,51.0,1.0,1.0,333.485669643225,391.7806172701879,-0.12
-0.11,0.065,51.0,1.0,1.0,333.48566964322487,392.0543427085409,-0.11
-0.1,0.065,51.0,1.0,1.0,333.48566964322475,392.32808305081016,-0.1
-0.09,0.065,51.0,1.0,1.0,333.48566964322464,392.60183793273484,-0.09
-0.08,0.065,51.0,1.0,1.0,333.4856696432249,392.87560703936407,-0.08
-0.07,0.065,51.0,1.0,1.0,333.48566964322464,393.1493900977195,-0.07
-0.06,0.065,51.0,1.0,1.0,333.48566964322475,393.4231868703962,-0.06
-0.05,0.065,51.0,1.0,1.0,333.48566964322487,393.46898523303446,-0.05
-0.04,0.065,51.0,1.0,1.0,333.485669643225,393.46898523303446,-0.04
-0.03,0.065,51.0,1.0,1.0,333.48566964322487,393.4689852330344,-0.03
-0.02,0.065,51.0,1.0,1.0,333.48566964322487,393.4689852330343,-0.02
-0.01,0.065,51.0,1.0,1.0,333.4856696432248,393.4689852330344,-0.01
0.0,0.065,51.0,1.0,1.0,333.48566964322487,393.4689852330344,0.0
-1.0,0.07,49.75545250966439,0.975597108032635,0.5770257776008105,133.42183195159274,479.43594963311114,-1.0
-0.99,0.07,49.79775435573586,0.9764265559948209,0.5878013239232502,151.01038239888953,469.226284709991,-0.99
-0.98,0.07,49.830614238258974,0.9770708674168427,0.5985768702456901,144.50465991756187,472.2815842883685,-0.98
-0.97,0.07,49.863435395061266,0.9777144195110052,0.6093524165681298,146.68068905783198,471.23913413389744,-0.97
-0.96,0.07,49.89622317047925,0.9783573170682206,0.6201279628905696,182.53113293706326,470.67951625217245,-0.96
-0.95,0.07,49.928977533966744,0.978999559489544,0.6309035092130094,158.94847122168574,469.5415880416522,-0.95
-0.94,0.07,49.96169836500793,0.9796411444119203,0.6416790555354492,168.7394502369865,468.29178322827835,-0.94
-0.93,0.07,49.99438548200912,0.9802820682746887,0.6524546018578891,157.0250905987348,466.02169121620324,-0.93
-0.92,0.07,50.027038647865425,0.9809223264287338,0.6632301481803288,198.6872530307326,465.6808935100679,-0.92
-0.91,0.07,50.059657433158954,0.9815619104540971,0.6740056945027683,181.43042957149166,463.60342233197855,-0.91
-0.9,0.07,50.09224032312048,0.9822007906494211,0.6847812408252083,212.61101930656392,462.89224754530403,-0.9
-0.89,0.07,50.12478001586021,0.9828388238403963,0.6955567871476477,209.77270504173453,461.34722155717174,-0.89
-0.88,0.07,50.15724121913745,0.9834753180223029,0.7063323334700877,225.11072808051262,459.26758116768536,-0.88
-0.87,0.07,50.18948900570717,0.9841076275628857,0.7171078797925272,222.14778114061957,455.61273283498184,-0.87
-0.86,0.07,50.22136861681123,0.9847327179766908,0.7278834261149674,222.7500921908445,449.9855999456766,-0.86
-0.85,0.07,50.25338432621885,0.9853604769846833,0.7386589724374069,229.73288282085772,450.204725636214,-0.85
-0.84,0.07,50.28577521647753,0.9859955924799516,0.7494345187598469,232.83502562724377,451.75173130888055,-0.84
-0.83,0.07,50.31816317299632,0.9866306504509083,0.7602100650822865,241.4992625528486,452.3942998350204,-0.83
-0.82,0.07,50.35058132278011,0.9872663004466687,0.7709856114047264,266.44605603667105,452.78123535732686,-0.82
-0.81,0.07,50.38304549653854,0.9879028528733048,0.781761157727166,270.86453686444844,453.1257380459492,-0.81
-0.8,0.07,50.415509870846606,0.9885394092322863,0.7925367040496057,263.32763426328233,453.5907520792625,-0.8
-0.79,0.07,50.44797837593173,0.9891760465868967,0.8033122503720457,272.0910432675661,454.3638792882659,-0.79
-0.78,0.07,50.48053016918982,0.9898143170429377,0.8140877966944855,277.75306138271276,455.0647297168499,-0.78
-0.77,0.07,50.513213246376225,0.9904551616936514,0.8248633430169251,279.6298836002017,455.2390261077403,-0.77
-0.76,0.07,50.54587360723524,0.9910955609261811,0.835638889339365,287.2600347373807,455.2422362925622,-0.76
-0.75,0.07,50.577897739490766,0.9917234850880542,0.8464144356618047,288.84249867256193,454.38851322914815,-0.75
-0.74,0.07,50.60952859914383,0.9923436980224281,0.8571899819842447,291.07103622625056,452.87065223857024,-0.74
-0.73,0.07,50.641119933810714,0.9929631359570729,0.867965528306684,294.12815511368206,451.3501592357197,-0.73
-0.72,0.07,50.67267163051701,0.9935817966768041,0.878741074629124,294.1598695687466,449.82668892345345,-0.72
-0.71,0.07,50.70418352922094,0.9941996770435478,0.8895166209515638,295.4527642987931,448.2998437193224,-0.71
-0.7,0.07,50.735655414046775,0.9948167728244466,0.9002921672740035,297.3175279807461,446.7691226938423,-0.7
-0.69,0.07,50.767087003312625,0.995433078496326,0.9110677135964433,305.12960617560753,445.23375723660325,-0.69
-0.68,0.07,50.7984779383839,0.9960485870271353,0.9218432599188828,325.6222204928857,443.69217638562594,-0.68
-0.67,0.07,50.82982777150322,0.996663289637318,0.9326188062413228,325.9252206587269,442.14026547003095,-0.67
-0.66,0.07,50.861135952935456,0.9972771755477541,0.9433943525637623,326.22893065636,440.5619469969302,-0.66
-0.65,0.07,50.89240477127684,0.9978902896328792,0.9541698988862024,326.52985507552535,438.9189108799338,-0.65
-0.64,0.07,50.9236657622631,0.9985032502404529,0.9649454452086419,326.80780368053473,437.0864923781506,-0.64
-0.63,0.07,50.954870107018714,0.9991151001376218,0.9757209915310822,327.08698528529897,434.7222136950294,-0.63
-0.62,0.07,50.98574710681507,0.9997205315061778,0.9864965378535215,327.3671319871889,430.9328783671455,-0.62
-0.61,0.07,50.99727208417596,0.9999465114544306,0.9972720841759617,327.6485891054864,424.6062681994799,-0.61
-0.6,0.07,51.0,1.0,1.0,327.93274064050127,416.8531951119825,-0.6
-0.59,0.07,51.0,1.0,1.0,328.2176400384743,411.02620803244014,-0.59
-0.58,0.07,51.0,1.0,1.0,328.50280376322013,407.52728956874785,-0.58
-0.57,0.07,51.0,1.0,1.0,328.7883196799326,405.18529858561976,-0.57
-0.56,0.07,51.0,1.0,1.0,329.0764266122543,403.2616762220107,-0.56
-0.55,0.07,51.0,1.0,1.0,329.36588922154203,401.490636669196,-0.55
-0.54,0.07,51.0,1.0,1.0,329.6566784622502,399.82236533955916,-0.54
-0.53,0.07,51.0,1.0,1.0,329.94757967197614,398.29878189610946,-0.53
-0.52,0.07,51.0,1.0,1.0,330.2411393461341,397.0017473357951,-0.52
-0.51,0.07,51.0,1.0,1.0,330.5361990575785,396.01424522178576,-0.51
-0.5,0.07,51.0,1.0,1.0,330.8329023155182,395.3791677591771,-0.5
-0.49,0.07,51.0,1.0,1.0,331.13056876401504,395.07277762791597,-0.49
-0.48,0.07,51.0,1.0,1.0,331.43118292078435,395.01393161343043,-0.48
-0.47,0.07,51.0,1.0,1.0,331.7341102317736,395.1016071729294,-0.47
-0.46,0.07,51.0,1.0,1.0,332.0396992289465,395.25058765969396,-0.46
-0.45,0.07,51.0,1.0,1.0,332.3484196830784,395.4062868229609,-0.45
-0.44,0.07,51.0,1.0,1.0,332.6602316001028,395.5417839043268,-0.44
-0.43,0.07,51.0,1.0,1.0,332.9771122925154,395.6481533079735,-0.43
-0.42,0.07,51.0,1.0,1.0,333.3020662917655,395.72538963837786,-0.42
-0.41,0.07,51.0,1.0,1.0,333.4856696432248,395.7335973505399,-0.41
-0.4,0.07,51.0,1.0,1.0,333.4856696432248,395.7196008690642,-0.4
-0.39,0.07,51.0,1.0,1.0,333.4856696432249,395.7053228770994,-0.39
-0.38,0.07,51.0,1.0,1.0,333.4856696432248,395.6907661278134,-0.38
-0.37,0.07,51.0,1.0,1.0,333.48566964322487,395.6759329166268,-0.37
-0.36,0.07,51.0,1.0,1.0,333.48566964322487,395.6608087951899,-0.36
-0.35,0.07,51.0,1.0,1.0,333.48566964322487,395.64536734383637,-0.35
-0.34,0.07,51.0,1.0,1.0,333.4856696432248,395.62747733430234,-0.34
-0.33,0.07,51.0,1.0,1.0,333.485669643225,395.60904828693265,-0.33
-0.32,0.07,51.0,1.0,1.0,333.4856696432248,395.58928624933174,-0.32
-0.31,0.07,51.0,1.0,1.0,333.485669643225,395.5676856811242,-0.31
-0.3,0.07,51.0,1.0,1.0,333.48566964322487,395.5438972007232,-0.3
-0.29,0.07,51.0,1.0,1.0,333.48566964322487,395.51684954160595,-0.29
-0.28,0.07,51.0,1.0,1.0,333.48566964322464,395.4848140150683,-0.28
-0.27,0.07,51.0,1.0,1.0,333.48566964322475,395.44096087677224,-0.27
-0.26,0.07,51.0,1.0,1.0,333.4856696432248,395.36038897306935,-0.26
-0.25,0.07,51.0,1.0,1.0,333.48566964322487,395.24458665996656,-0.25
-0.24,0.07,51.0,1.0,1.0,333.48566964322487,395.074530360218,-0.24
-0.23,0.07,51.0,1.0,1.0,333.4856696432248,394.81726457604697,-0.23
-0.22,0.07,51.0,1.0,1.0,333.4856696432249,394.41105484165416,-0.22
-0.21,0.07,51.0,1.0,1.0,333.4856696432249,393.7195674631507,-0.21
-0.2,0.07,51.0,1.0,1.0,333.4856696432248,392.23607721671385,-0.2
-0.19,0.07,51.0,1.0,1.0,333.48566964322475,386.6852267381975,-0.19
-0.18,0.07,51.0,1.0,1.0,333.48566964322464,387.9428106312116,-0.18
-0.17,0.07,51.0,1.0,1.0,333.4856696432249,389.13383079883266,-0.17
-0.16,0.07,51.0,1.0,1.0,333.48566964322487,390.3250010984998,-0.16
-0.15,0.07,51.0,1.0,1.0,333.48566964322475,390.9595142028445,-0.15
-0.14,0.07,51.0,1.0,1.0,333.485669643225,391.23319565229093,-0.14
-0.13,0.07,51.0,1.0,1.0,333.4856696432248,391.5068930366896,-0.13
-0.12,0.07,51.0,1.0,1.0,333.485669643225,391.7806058643656,-0.12
-0.11,0.07,51.0,1.0,1.0,333.48566964322487,392.05433370732607,-0.11
-0.1,0.07,51.0,1.0,1.0,333.48566964322475,392.3280761941558,-0.1
-0.09,0.07,51.0,1.0,1.0,333.48566964322464,392.6018330025966,-0.09
-0.08,0.07,51.0,1.0,1.0,333.4856696432249,392.8756038525843,-0.08
-0.07,0.07,51.0,1.0,1.0,333.48566964322464,393.149388500043,-0.07
-0.06,0.07,51.0,1.0,1.0,333.48566964322475,393.4231867315015,-0.06
-0.05,0.07,51.0,1.0,1.0,333.48566964322487,393.4689853268747,-0.05
-0.04,0.07,51.0,1.0,1.0,333.485669643225,393.46898532687464,-0.04
-0.03,0.07,51.0,1.0,1.0,333.48566964322487,393.46898532687464,-0.03
-0.02,0.07,51.0,1.0,1.0,333.48566964322487,393.4689853268746,-0.02
-0.01,0.07,51.0,1.0,1.0,333.4856696432248,393.4689853268747,-0.01
0.0,0.07,51.0,1.0,1.0,333.48566964322487,393.46898532687464,0.0
-1.0,0.075,49.76534506741797,0.9757910797532935,0.5770257776008105,128.23185937651846,473.8289747248237,-1.0
-0.99,0.075,49.798248315571016,0.9764362414817847,0.5878013239232502,158.40588539445457,464.6125131012905,-0.99
-0.98,0.075,49.83111619220608,0.9770807096510996,0.5985768702456901,142.50209955826878,465.69021572205526,-0.98
-0.97,0.075,49.863949004441004,0.9777244902831569,0.6093524165681298,150.92565193951773,464.3370018722356,-0.97
-0.96,0.075,49.896746926319985,0.9783675867905879,0.6201279628905696,174.31938834351763,464.1895972171161,-0.96
-0.95,0.075,49.9295100478344,0.9790100009379293,0.6309035092130094,159.86731508584342,463.5525394540857,-0.95
-0.94,0.075,49.9622384263071,0.9796517338491588,0.6416790555354492,173.24479790380462,462.3888284941195,-0.94
-0.93,0.075,49.99493213894944,0.9802927870382243,0.6524546018578891,157.5363772210918,460.2048095062146,-0.93
-0.92,0.075,50.027591314612025,0.9809331630316084,0.6632301481803288,206.4741899349058,460.00612116710585,-0.92
-0.91,0.075,50.06021601977943,0.98157286313293,0.6740056945027683,180.49033280207703,458.51412102430794,-0.91
-0.9,0.075,50.09280536167144,0.9822118698366948,0.6847812408252083,219.12125418779885,457.6261807883465,-0.9
-0.89,0.075,50.125352680054554,0.9828500525500893,0.6955567871476477,211.04976423001182,456.3982811662185,-0.89
-0.88,0.075,50.15782301684358,0.9834867258204624,0.7063323334700877,230.66590412913723,454.8614204387463,-0.88
-0.87,0.075,50.19008215096096,0.9841192578619796,0.7171078797925272,216.96522857626303,453.11146158101053,-0.87
-0.86,0.075,50.22198967674781,0.9847448956225061,0.7278834261149674,224.87754734769098,450.6769632910948,-0.86
-0.85,0.075,50.25406648803186,0.985373852706507,0.7386589724374069,244.31071498309709,451.72728784015345,-0.85
-0.84,0.075,50.286537627849285,0.986010541722535,0.7494345187598469,234.5584982399573,453.21705784779607,-0.84
-0.83,0.075,50.319020971970744,0.9866474700386421,0.7602100650822865,241.6532198367492,453.63798058080516,-0.83
-0.82,0.075,50.35154193331067,0.9872851359472681,0.7709856114047264,247.06491183209894,453.85993754718913,-0.82
-0.81,0.075,50.384150852170556,0.9879245265131482,0.781761157727166,276.0057492145958,454.04322485496743,-0.81
-0.8,0.075,50.41690212151799,0.9885667082650587,0.7925367040496057,278.70675251464445,454.27921198834656,-0.8
-0.79,0.075,50.44963306446658,0.989208491460129,0.8033122503720457,274.1576426831892,454.7248084031834,-0.79
-0.78,0.075,50.482342373382295,0.9898498504584764,0.8140877966944855,282.2822576643096,455.14188395533137,-0.78
-0.77,0.075,50.514517706327595,0.9904807393397568,0.8248633430169251,284.0235226490857,454.60414926040704,-0.77
-0.76,0.075,50.54622742836195,0.9911024985953324,0.835638889339365,288.047336065894,453.1862603574245,-0.76
-0.75,0.075,50.577897739490766,0.9917234850880542,0.8464144356618047,288.79888929378427,451.7517334545296,-0.75
-0.74,0.075,50.60952859914383,0.9923436980224281,0.8571899819842447,291.02636608547573,450.3148243378347,-0.74
-0.73,0.075,50.641119933810714,0.9929631359570729,0.867965528306684,294.08007980684073,448.87523476816625,-0.73
-0.72,0.075,50.67267163051701,0.9935817966768041,0.878741074629124,294.2105916049649,447.43263408048335,-0.72
-0.71,0.075,50.70418352922094,0.9941996770435478,0.8895166209515638,295.41536083428224,445.98664318129465,-0.71
-0.7,0.075,50.735655414046775,0.9948167728244466,0.9002921672740035,297.36478031579924,444.53678418927564,-0.7
-0.69,0.075,50.767087003312625,0.995433078496326,0.9110677135964433,305.09722792680316,443.08231696032385,-0.69
-0.68,0.075,50.7984779383839,0.9960485870271353,0.9218432599188828,325.6222204928857,441.6217055579821,-0.68
-0.67,0.075,50.82982777150322,0.996663289637318,0.9326188062413228,325.9252206587269,440.1500335967082,-0.67
-0.66,0.075,50.861135952935456,0.9972771755477541,0.9433943525637623,326.22893065636,438.65042017706037,-0.66
-0.65,0.075,50.892411393128356,0.997890419473105,0.9541698988862024,326.52376890223604,437.08663907906146,-0.65
-0.64,0.075,50.923672447719376,0.9985033813278309,0.9649454452086419,326.80099292178676,435.33576770747663,-0.64
-0.63,0.075,50.95487679654227,0.9991152313047504,0.9757209915310822,327.0802676691737,433.05454717513544,-0.63
-0.62,0.075,50.98575369751114,0.9997206607355126,0.9864965378535215,327.3606374393201,429.35132055937964,-0.62
-0.61,0.075,50.99727208417596,0.9999465114544306,0.9972720841759617,327.6429167027451,423.1043158266661,-0.61
-0.6,0.075,51.0,1.0,1.0,327.9260760565712,415.4176515574471,-0.6
-0.59,0.075,51.0,1.0,1.0,328.2111719011714,409.63109702761494,-0.59
-0.58,0.075,51.0,1.0,1.0,328.4964019151591,406.189768625862,-0.58
-0.57,0.075,51.0,1.0,1.0,328.783248758076,403.92985848013075,-0.57
-0.56,0.075,51.0,1.0,1.0,329.07151600054874,402.1098903029006,-0.56
-0.55,0.075,51.0,1.0,1.0,329.35985269699404,400.46690555317576,-0.55
-0.54,0.075,51.0,1.0,1.0,329.65083442212534,398.9554026316582,-0.54
-0.53,0.075,51.0,1.0,1.0,329.9431646212682,397.61625219201665,-0.53
-0.52,0.075,51.0,1.0,1.0,330.2369059980911,396.5188980938274,-0.52
-0.51,0.075,51.0,1.0,1.0,330.5312102192823,395.72183352319985,-0.51
-0.5,0.075,51.0,1.0,1.0,330.8281933775781,395.2404864973379,-0.5
-0.49,0.075,51.0,1.0,1.0,331.1270207327682,395.0352088765843,-0.49
-0.48,0.075,51.0,1.0,1.0,331.42792259020695,395.02754606002173,-0.48
-0.47,0.075,51.0,1.0,1.0,331.7311822604159,395.13162747942147,-0.47
-0.46,0.075,51.0,1.0,1.0,332.03708768510154,395.2788779778207,-0.46
-0.45,0.075,51.0,1.0,1.0,332.346087370257,395.4263925429497,-0.45
-0.44,0.075,51.0,1.0,1.0,332.65865442216864,395.5532565015844,-0.44
-0.43,0.075,51.0,1.0,1.0,332.976109920329,395.65273408392983,-0.43
-0.42,0.075,51.0,1.0,1.0,333.30171736774855,395.72514574012513,-0.42
-0.41,0.075,51.0,1.0,1.0,333.4856696432248,395.73227832289484,-0.41
-0.4,0.075,51.0,1.0,1.0,333.4856696432248,395.71828275993784,-0.4
-0.39,0.075,51.0,1.0,1.0,333.4856696432249,395.70400605275734,-0.39
-0.38,0.075,51.0,1.0,1.0,333.4856696432248,395.689450206164,-0.38
-0.37,0.075,51.0,1.0,1.0,333.48566964322487,395.6745951766681,-0.37
-0.36,0.075,51.0,1.0,1.0,333.48566964322487,395.659447352111,-0.36
-0.35,0.075,51.0,1.0,1.0,333.48566964322487,395.6439772684827,-0.35
-0.34,0.075,51.0,1.0,1.0,333.4856696432248,395.6261173939085,-0.34
-0.33,0.075,51.0,1.0,1.0,333.485669643225,395.60697287787434,-0.33
-0.32,0.075,51.0,1.0,1.0,333.4856696432248,395.58627103951983,-0.32
-0.31,0.075,51.0,1.0,1.0,333.485669643225,395.5637199415638,-0.31
-0.3,0.075,51.0,1.0,1.0,333.48566964322487,395.53850459426343,-0.3
-0.29,0.075,51.0,1.0,1.0,333.48566964322487,395.50934086983074,-0.29
-0.28,0.075,51.0,1.0,1.0,333.48566964322464,395.4715931958612,-0.28
-0.27,0.075,51.0,1.0,1.0,333.48566964322475,395.4034449865923,-0.27
-0.26,0.075,51.0,1.0,1.0,333.4856696432248,395.30856736301956,-0.26
-0.25,0.075,51.0,1.0,1.0,333.48566964322487,395.1740254753644,-0.25
-0.24,0.075,51.0,1.0,1.0,333.48566964322487,394.9785274661393,-0.24
-0.23,0.075,51.0,1.0,1.0,333.4856696432248,394.68550646435085,-0.23
-0.22,0.075,51.0,1.0,1.0,333.4856696432249,394.2253764730377,-0.22
-0.21,0.075,51.0,1.0,1.0,333.4856696432249,393.4573768643529,-0.21
-0.2,0.075,51.0,1.0,1.0,333.4856696432248,391.5072436013205,-0.2
-0.19,0.075,51.0,1.0,1.0,333.48566964322475,386.73878162299127,-0.19
-0.18,0.075,51.0,1.0,1.0,333.48566964322464,387.9428474763037,-0.18
-0.17,0.075,51.0,1.0,1.0,333.4856696432249,389.13378188242007,-0.17
-0.16,0.075,51.0,1.0,1.0,333.48566964322487,390.32497518247044,-0.16
-0.15,0.075,51.0,1.0,1.0,333.48566964322475,390.9594967425866,-0.15
-0.14,0.075,51.0,1.0,1.0,333.485669643225,391.23318110684403,-0.14
-0.13,0.075,51.0,1.0,1.0,333.4856696432248,391.50688105623436,-0.13
-0.12,0.075,51.0,1.0,1.0,333.485669643225,391.7805961539248,-0.12
-0.11,0.075,51.0,1.0,1.0,333.48566964322487,392.0543260188968,-0.11
-0.1,0.075,51.0,1.0,1.0,333.48566964322475,392.3280703193453,-0.1
-0.09,0.075,51.0,1.0,1.0,333.48566964322464,392.60182876613703,-0.09
-0.08,0.075,51.0,1.0,1.0,333.4856696432249,392.8756011067987,-0.08
-0.07,0.075,51.0,1.0,1.0,333.48566964322464,393.14938712020074,-0.07
-0.06,0.075,51.0,1.0,1.0,333.48566964322475,393.42318661195753,-0.06
-0.05,0.075,51.0,1.0,1.0,333.48566964322487,393.4689854089852,-0.05
-0.04,0.075,51.0,1.0,1.0,333.485669643225,393.4689854089852,-0.04
-0.03,0.075,51.0,1.0,1.0,333.48566964322487,393.4689854089852,-0.03
-0.02,0.075,51.0,1.0,1.0,333.48566964322487,393.46898540898513,-0.02
-0.01,0.075,51.0,1.0,1.0,333.4856696432248,393.4689854089852,-0.01
0.0,0.075,51.0,1.0,1.0,333.48566964322487,393.46898540898513,0.0
