IF_sens_l,reliab_avg,reliab_min,Infrast_end,π_end,d_end,Δμ_pc
4.0,0.9998181699024876,0.9962487726349744,0.36401531206821813,246.21853108289287,157.2345538727707,-0.284
4.340878170264604,0.9998188817309209,0.9962628354607393,0.36401448186075297,246.42973115065973,157.23413732458314,-0.284
4.710805822269944,0.999819641586412,0.9962776680754634,0.3640135825630931,246.65267492124792,157.2337434765112,-0.284
5.11225853956175,0.999820451182845,0.9962932714028311,0.3640126133728427,246.88895689529454,157.23337730516084,-0.284
5.547922873783102,0.9998213119470153,0.9963096384297985,0.3640115735578309,247.14048773879452,157.23304470249425,-0.284
6.020714323279183,0.9998222249233804,0.9963267530408052,0.3640104623643905,247.4093928681908,157.23275261571504,-0.284
6.533796843830508,0.9998231906627916,0.9963445888639877,0.36400927887608936,247.6978287837244,157.23250921138413,-0.284
7.090604022081906,0.9998242090946297,0.9963631081697893,0.3640080218075658,248.00773424824186,157.2323240698544,-0.284
7.694862053361437,0.9998252793827009,0.9963822608653808,0.3640066892130866,248.34055059168858,157.23220841927295,-0.284
8.350614677658532,0.9998263997666622,0.9964019836276535,0.3640052780822008,248.69694858081192,157.2321754235407,-0.284
9.062250240634778,0.9998275673928096,0.9964221992125948,0.3640037837840155,249.07659036956554,157.23224054706702,-0.284
9.834531060761668,0.9998287781408831,0.996442815970063,0.36400219930462036,249.47794812250538,157.23242203338182,-0.284
10.672625299112381,0.9998300264572071,0.9964637275828127,0.3640005141940974,249.89820905495412,157.2327415592081,-0.284
11.582141545082669,0.999831305208967,0.9964848130423053,0.36399871309013726,250.33331403272584,157.2332251697076,-0.284
12.569166349491027,0.9998326055794383,0.9965059368797103,0.3639973292397432,250.55687927750103,157.2329540878241,-0.284
13.640304956232512,0.99983391702898,0.9965269496990123,0.3639960858382217,250.70172982856087,157.23246024055396,-0.284
14.80272550506545,0.9998352273505215,0.9965476891199512,0.36399479698952714,250.8583039511928,157.23210181790571,-0.284
16.064207001339426,0.9998365228496006,0.9965679813344147,0.3639934782598351,251.03160049253975,157.2318804226115,-0.284
17.43319137368153,0.9998377886758159,0.9965876435984726,0.36399214116595147,251.22629837753985,157.2317994388553,-0.284
18.918839968014844,0.9998390093228429,0.996606488087264,0.36399079342822666,251.4461773088154,157.2318632222868,-0.284
20.531094855971272,0.9998401692964788,0.9966243275686795,0.36398943904591263,251.69354886029015,157.23207650212902,-0.284
22.280745367979403,0.9998412539245911,0.9966409832253807,0.3639880783269109,251.96882274021337,157.2324439379653,-0.284
24.179500296271495,0.999842250251842,0.9966562946087415,0.3639867079455377,252.27031844028397,157.23296981195935,-0.284
26.240066250997867,0.9998431479311767,0.9966701311389805,0.3639853210577339,252.59437101911792,157.2336578545423,-0.284
28.476232693813404,0.9998439400014922,0.9966824038738114,0.3639839074696922,252.9356966652812,157.23451120473123,-0.284
30.902964217987456,0.9998446234355503,0.9966930756658704,0.3639833308063549,253.28791884472184,157.23553250026146,-0.284
33.53650069258248,0.9998451993605658,0.9967021675855843,0.3639835770716901,253.64413671715042,157.23672408674483,-0.284
36.394465940873765,0.999845672896701,0.996709759810216,0.3639835973852097,253.99744213498266,157.2380883477426,-0.284
39.495985680294396,0.9998460526188194,0.9967159860982718,0.3639834173353636,254.23212373925475,157.23904775361567,-0.284
42.86181551316834,0.9998463497106523,0.996721022269809,0.3639832142728543,254.29102253742124,157.23913529831947,-0.284
46.5144798247553,0.9998465769318616,0.9967250704084395,0.36398298530499784,254.36564322443866,157.23929096371282,-0.284
50.47842251812341,0.9998467475444079,0.996728341379885,0.36398274015350723,254.45131268275563,157.23950192807212,-0.284
54.780170594578784,0.999846874339819,0.9967310384641447,0.3639824869824599,254.54322203793035,157.23975690086104,-0.284
59.44851167434448,0.9998469688769177,0.9967333444083936,0.36398223271932223,254.6369207644599,157.24004561316573,-0.284
64.51468664547063,0.9998470409906466,0.9967354132368549,0.36398198344258753,254.72865336015627,157.24035829628673,-0.284
70.01259873019619,0.9998470985798659,0.9967373670324721,0.3639817448310631,254.8155243181398,157.24068518624335,-0.284
75.97904036785103,0.9998471476372077,0.99673929694976,0.3639815225925431,254.89551405032918,157.24101615037537,-0.284
82.45393943261438,0.9998471924549232,0.996741267132708,0.3639813227451942,254.96739141074875,157.24134056135173,-0.284
89.48062643383894,0.9998472359298762,0.9967433200512497,0.3639811516281603,255.0305747656597,157.24164752329764,-0.284
97.1061244870633,0.9998472798965244,0.9967454819625786,0.3639810155762222,255.08498522900564,157.24192647578002,-0.284
105.38146399622259,0.9998473254338504,0.9967477676048785,0.36398092029639045,255.13091850818049,157.24216808152744,-0.284
114.36202415293195,0.9998473731143065,0.9967501836840931,0.3639808700973343,255.1689433962006,157.2423651885728,-0.284
124.10790353818399,0.999847423183854,0.9967527310972313,0.3639808671947063,255.19982192092894,157.2425136030694,-0.284
134.68432230655196,0.9998474756779129,0.9967554060847027,0.3639809113052052,255.2244415238512,157.2426124506012,-0.284
146.16205864434843,0.9998475304868261,0.9967582006142119,0.3639809996464813,255.24375205855478,157.24266403041514,-0.284
158.61792242254668,0.9998475873869435,0.9967611023051464,0.36398112732209026,255.2587058824608,157.2426732233022,-0.284
172.13526921418944,0.9998476460517934,0.9967640941553334,0.36398128795577683,255.27020393956735,157.24264663172133,-0.284
186.80455811612384,0.9998477060543829,0.9967671542739023,0.3639814743938141,255.27905250493072,157.24259166872116,-0.284
202.723957108052,0.9998477668682356,0.9967702557775991,0.36398167932157066,255.28593430542023,157.2425157735215,-0.284
220.0,0.9998478278721514,0.9967733669767964,0.3639818957098229,255.29139531852462,157.24242585172678,-0.284
22.0,0.9998410912355191,0.9966384850493438,0.36398828981494047,251.92435693837007,157.23237669036718,-0.284
