DSCR,reliab_avg,reliab_min,Infrast_end,π_end,d_end,Δμ_pc
1.5,1.0,1.0,0.36404324237239044,257.12256656543417,157.21078694921812,-0.284
1.51,1.0,1.0,0.36404324237239044,256.79719338405357,157.21078694921812,-0.284
1.52,1.0,1.0,0.36404324237239044,256.47692796175426,157.21078694921812,-0.284
1.53,1.0,1.0,0.36404324237239044,256.1616052042814,157.21078694921812,-0.284
1.54,1.0,1.0,0.36404324237239044,255.85104071375642,157.21078694921812,-0.284
1.55,1.0,1.0,0.36404324237239044,255.5450224373209,157.21078694921812,-0.284
1.56,1.0,1.0,0.36404324237239044,255.24329903134762,157.21078694921812,-0.284
1.57,1.0,1.0,0.36404324237239044,254.94556348357662,157.21078694921812,-0.284
1.58,1.0,1.0,0.36404324237239044,254.65142615719506,157.21078694921812,-0.284
1.59,1.0,1.0,0.36404324237239044,254.36036765131314,157.21078694921812,-0.284
1.6,1.0,1.0,0.36404324237239044,254.0716575095257,157.21078694921812,-0.284
1.61,1.0,1.0,0.36404324237239044,253.7842099017235,157.21078694921812,-0.284
1.62,1.0,1.0,0.36404324237239044,253.49630550918877,157.21078694921812,-0.284
1.63,1.0,1.0,0.36404324237239044,253.20500435409483,157.21078694921812,-0.284
1.64,1.0,1.0,0.36404324237239044,252.90477710790142,157.21078694921812,-0.284
1.65,1.0,1.0,0.36404324237239044,252.58385110054755,157.21078694921812,-0.284
1.66,1.0,1.0,0.36404324237239044,252.21227278381926,157.21078694921812,-0.284
1.67,1.0,1.0,0.36404324237239044,251.68783239260185,157.21078694921812,-0.284
1.68,1.0,1.0,0.36404324237239044,250.35441603589587,157.21078694921812,-0.284
1.69,1.0,1.0,0.36404324237239044,252.06837191382647,157.21078694921812,-0.284
1.7,1.0,1.0,0.36404324237239044,255.98015629644138,157.21078694921812,-0.284
1.71,1.0,1.0,0.36404324237239044,257.49628412368435,157.21078694921812,-0.284
1.72,1.0,1.0,0.36404324237239044,258.46765248226166,157.21078694921812,-0.284
1.73,1.0,1.0,0.36404324237239044,259.17748169540937,157.21078694921812,-0.284
1.74,1.0,1.0,0.36404324237239044,259.72983187110987,157.21078694921812,-0.284
1.75,1.0,1.0,0.36404324237239044,260.1756556233723,157.21078694921812,-0.284
1.76,1.0,1.0,0.36404324237239044,260.5440701301553,157.21078694921812,-0.284
1.77,1.0,1.0,0.36404324237239044,260.85343678386204,157.21078694921812,-0.284
1.78,1.0,1.0,0.36404324237239044,261.1161600153523,157.21078694921812,-0.284
1.79,1.0,1.0,0.36404324237239044,261.3410577645449,157.21078694921812,-0.284
1.8,1.0,1.0,0.36404324237239044,261.53464650833683,157.21078694921812,-0.284
1.81,1.0,1.0,0.36404324237239044,261.7018886794146,157.21078694921812,-0.284
1.82,1.0,1.0,0.36404324237239044,261.84665303384844,157.21078694921812,-0.284
1.83,1.0,1.0,0.36404324237239044,261.97201246184073,157.21078694921812,-0.284
1.84,1.0,1.0,0.36404324237239044,262.080444912858,157.21078694921812,-0.284
1.85,1.0,1.0,0.36404324237239044,262.17397376043857,157.21078694921812,-0.284
1.86,1.0,1.0,0.36404324237239044,262.25426862141126,157.21078694921812,-0.284
1.87,1.0,1.0,0.36404324237239044,262.32271935403867,157.21078694921812,-0.284
1.88,1.0,1.0,0.36404324237239044,262.3804912715854,157.21078694921812,-0.284
1.89,1.0,1.0,0.36404324237239044,262.4285668141506,157.21078694921812,-0.284
1.9,1.0,1.0,0.36404324237239044,262.46777716630453,157.21078694921812,-0.284
1.91,1.0,1.0,0.36404324237239044,262.49882615254506,157.21078694921812,-0.284
1.92,1.0,1.0,0.36404324237239044,262.5223079443984,157.21078694921812,-0.284
1.93,1.0,1.0,0.36404324237239044,262.5387195206897,157.21078694921812,-0.284
1.94,1.0,1.0,0.36404324237239044,262.5484683264633,157.21078694921812,-0.284
1.95,1.0,1.0,0.36404324237239044,262.55187508091575,157.21078694921812,-0.284
1.96,1.0,1.0,0.36404324237239044,262.5491710846995,157.21078694921812,-0.284
1.97,1.0,1.0,0.36404324237239044,262.5404885205163,157.21078694921812,-0.284
1.98,1.0,1.0,0.36404324237239044,262.52584086857473,157.21078694921812,-0.284
1.99,1.0,1.0,0.36404324237239044,262.5050881784497,157.21078694921812,-0.284
2.0,1.0,1.0,0.36404324237239044,262.4778775575011,157.21078694921812,-0.284
2.01,1.0,1.0,0.36404324237239044,262.44354072759364,157.21078694921812,-0.284
2.02,1.0,1.0,0.36404324237239044,262.40091302424366,157.21078694921812,-0.284
2.03,1.0,1.0,0.36404324237239044,262.3479999491005,157.21078694921812,-0.284
2.04,1.0,1.0,0.36404324237239044,262.28132718857904,157.21078694921812,-0.284
2.05,1.0,1.0,0.36404324237239044,262.19457735139093,157.21078694921812,-0.284
2.06,1.0,1.0,0.36404324237239044,262.07544313637464,157.21078694921812,-0.284
2.07,1.0,1.0,0.36404324237239044,261.8973581272278,157.21078694921812,-0.284
2.08,1.0,1.0,0.36404324237239044,261.5933199720734,157.21078694921812,-0.284
2.09,1.0,1.0,0.36404324237239044,260.9445532562798,157.21078694921812,-0.284
2.1,1.0,1.0,0.36404324237239044,258.7885522511986,157.21078694921812,-0.284
2.11,1.0,1.0,0.36404324237239044,253.08606202174337,157.21078694921812,-0.284
2.12,1.0,1.0,0.36404324237239044,261.456846844048,157.21078694921812,-0.284
2.13,1.0,1.0,0.36404324237239044,263.51893069950256,157.21078694921812,-0.284
2.14,1.0,1.0,0.36404324237239044,264.8720066360035,157.21078694921812,-0.284
2.15,1.0,1.0,0.36404324237239044,266.01445917023136,157.21078694921812,-0.284
2.16,1.0,1.0,0.36404324237239044,267.05537649787124,157.21078694921812,-0.284
2.17,1.0,1.0,0.36404324237239044,268.0358109636641,157.21078694921812,-0.284
2.18,1.0,1.0,0.36404324237239044,268.976151165576,157.21078694921812,-0.284
2.19,1.0,1.0,0.36404324237239044,269.888084990302,157.21078694921812,-0.284
2.2,1.0,1.0,0.36404324237239044,270.77891488506253,157.21078694921812,-0.284
2.21,1.0,1.0,0.36404324237239044,271.65348681942817,157.21078694921812,-0.284
2.22,1.0,1.0,0.36404324237239044,272.51516855032395,157.21078694921812,-0.284
2.23,1.0,1.0,0.3639970317895278,272.7670893161891,157.21799420847853,-0.284
2.24,1.0,1.0,0.3635083076220096,272.7270460086339,157.26259090532363,-0.284
2.25,1.0,1.0,0.3633414038759832,272.64976697297,157.19645923809296,-0.284
2.26,1.0,1.0,0.3627550131990817,272.556821303258,157.27740782792694,-0.284
2.27,1.0,1.0,0.362131842107696,272.44551291534026,157.37346137022604,-0.284
2.28,1.0,1.0,0.3615150639544537,272.31245198595406,157.46960875620348,-0.284
2.29,1.0,1.0,0.36090448498198446,272.1534384347075,157.56567971605494,-0.284
2.3,1.0,1.0,0.36030026523503517,271.9633433900404,157.6609329618102,-0.284
2.31,1.0,1.0,0.3597018474845344,271.73606507356556,157.75611515531511,-0.284
2.32,1.0,1.0,0.35910902890229446,271.4647156245516,157.8512977740865,-0.284
2.33,1.0,1.0,0.3586997377353835,271.14237999432595,157.88124472050382,-0.284
2.34,1.0,1.0,0.35854974753861607,270.7641368765337,157.81757671546598,-0.284
2.35,1.0,1.0,0.358400879261124,270.3315358399867,157.7547816543075,-0.284
2.36,1.0,1.0,0.35825421811318164,269.8608852063329,157.69126260890255,-0.284
2.37,1.0,1.0,0.35810834057105095,269.39453582790617,157.62912034850407,-0.284
2.38,1.0,1.0,0.3579641853342581,269.00665754034435,157.5667991491726,-0.284
2.39,1.0,1.0,0.35782122845061765,269.09812674872313,157.50520831491949,-0.284
2.4,1.0,1.0,0.3576796826265794,269.904028428666,157.44383080585928,-0.284
2.41,1.0,1.0,0.35753936404387315,271.09510914667555,157.38310892752204,-0.284
2.42,1.0,1.0,0.3574005820923416,272.45135604666103,157.32224473067149,-0.284
2.43,1.0,1.0,0.35726259840114416,273.87590351068883,157.2628907446028,-0.284
2.44,1.0,1.0,0.3571266375310193,275.3308355891125,157.20218454597844,-0.284
2.45,1.0,1.0,0.3569913836876388,276.7983082006154,157.14314993079435,-0.284
2.46,1.0,1.0,0.3568575654028205,278.2675475648037,157.0840221305394,-0.284
2.47,1.0,1.0,0.3567250647328839,279.72954185106846,157.02482745954927,-0.284
2.48,1.0,1.0,0.35659349012570885,281.1781229824656,156.96695788519997,-0.284
2.49,1.0,1.0,0.3564633002506519,282.61017764171777,156.90875610469445,-0.284
2.5,1.0,1.0,0.35633433827300215,284.0246988861047,156.85044498133115,-0.284
